-- phpMyAdmin SQL Dump
-- version 4.8.3
-- https://www.phpmyadmin.net/
--
-- Host: 127.0.0.1
-- Generation Time: Dec 14, 2019 at 04:01 PM
-- Server version: 10.1.37-MariaDB
-- PHP Version: 7.2.12

SET SQL_MODE = "NO_AUTO_VALUE_ON_ZERO";
SET AUTOCOMMIT = 0;
START TRANSACTION;
SET time_zone = "+00:00";


/*!40101 SET @OLD_CHARACTER_SET_CLIENT=@@CHARACTER_SET_CLIENT */;
/*!40101 SET @OLD_CHARACTER_SET_RESULTS=@@CHARACTER_SET_RESULTS */;
/*!40101 SET @OLD_COLLATION_CONNECTION=@@COLLATION_CONNECTION */;
/*!40101 SET NAMES utf8mb4 */;

--
-- Database: `displayfort`
--

DELIMITER $$
--
-- Procedures
--
CREATE DEFINER=`root`@`localhost` PROCEDURE `truncate_table` ()  TRUNCATE TABLE token_detail$$

DELIMITER ;

-- --------------------------------------------------------

--
-- Table structure for table `album_asset`
--

CREATE TABLE `album_asset` (
  `asset_id` int(11) NOT NULL,
  `asset_name` varchar(40) NOT NULL,
  `asset_type` varchar(20) NOT NULL,
  `is_delete` tinyint(3) NOT NULL
) ENGINE=InnoDB DEFAULT CHARSET=utf8;

--
-- Dumping data for table `album_asset`
--

INSERT INTO `album_asset` (`asset_id`, `asset_name`, `asset_type`, `is_delete`) VALUES
(1, '1565783462-beauty-bloom-blue-67636.jpg', '', 0),
(2, '1565783486.jpeg', '', 0);

-- --------------------------------------------------------

--
-- Table structure for table `album_detail`
--

CREATE TABLE `album_detail` (
  `album_id` int(11) NOT NULL,
  `string_key_id` varchar(11) DEFAULT NULL,
  `album_name` varchar(30) NOT NULL,
  `lang` varchar(15) DEFAULT NULL,
  `assets_id` varchar(30) NOT NULL,
  `is_delete` tinyint(3) NOT NULL,
  `delete_msg` varchar(100) NOT NULL,
  `created_by` int(11) NOT NULL,
  `created_on` datetime NOT NULL DEFAULT CURRENT_TIMESTAMP,
  `modify_by` int(11) NOT NULL,
  `modify_on` datetime NOT NULL DEFAULT CURRENT_TIMESTAMP ON UPDATE CURRENT_TIMESTAMP
) ENGINE=InnoDB DEFAULT CHARSET=utf8;

--
-- Dumping data for table `album_detail`
--

INSERT INTO `album_detail` (`album_id`, `string_key_id`, `album_name`, `lang`, `assets_id`, `is_delete`, `delete_msg`, `created_by`, `created_on`, `modify_by`, `modify_on`) VALUES
(1, '1', 'Birthday Album', 'en', '1,2,3', 0, '', 1, '2019-12-04 13:10:19', 0, '2019-12-04 13:51:13'),
(4, '2', 'Party Album', 'en', '1,2,3', 0, '', 1, '2019-12-04 13:10:19', 0, '2019-12-12 14:32:17'),
(12, '1', 'Arabic album', 'ar', '', 0, '', 1, '2019-12-14 12:54:13', 0, '2019-12-14 12:54:13'),
(13, '1', 'Chines album', 'ch', '', 0, '', 1, '2019-12-14 12:54:13', 0, '2019-12-14 12:54:13'),
(14, '1', 'Hindi album', 'hi', '', 0, '', 1, '2019-12-14 12:54:13', 0, '2019-12-14 12:54:13'),
(15, '2', 'party arabica', 'ar', '', 0, '', 1, '2019-12-14 12:54:44', 0, '2019-12-14 12:55:37'),
(16, '2', 'ddddd', 'ch', '', 0, '', 1, '2019-12-14 12:54:44', 0, '2019-12-14 15:53:22'),
(17, '2', 'dfcdcbfdd', 'hi', '', 0, '', 1, '2019-12-14 12:54:44', 0, '2019-12-14 15:52:46'),
(18, '1', 'edfs', 'tm', '', 0, '', 1, '2019-12-14 15:20:59', 0, '2019-12-14 15:20:59'),
(19, '2', 'edsceeee', 'tm', '', 0, '', 1, '2019-12-14 15:25:07', 0, '2019-12-14 15:26:37');

-- --------------------------------------------------------

--
-- Table structure for table `auth_token`
--

CREATE TABLE `auth_token` (
  `token_id` int(11) NOT NULL,
  `token_code` varchar(30) NOT NULL,
  `user_id` int(11) NOT NULL DEFAULT '0',
  `created_on` datetime NOT NULL,
  `expire_on` datetime NOT NULL,
  `is_active` int(3) NOT NULL,
  `is_deleted` int(3) NOT NULL,
  `last_login` datetime NOT NULL DEFAULT CURRENT_TIMESTAMP,
  `ip` varchar(20) NOT NULL
) ENGINE=InnoDB DEFAULT CHARSET=utf8;

--
-- Dumping data for table `auth_token`
--

INSERT INTO `auth_token` (`token_id`, `token_code`, `user_id`, `created_on`, `expire_on`, `is_active`, `is_deleted`, `last_login`, `ip`) VALUES
(73, 'c4a033c6c41092ac', 100, '2019-10-25 18:00:05', '2020-10-25 18:00:05', 0, 0, '2019-10-25 18:00:05', '::1'),
(74, '9d304d4ed72e6d8f', 100, '2019-10-25 18:00:16', '2020-10-25 18:00:16', 0, 0, '2019-10-25 18:00:16', '::1'),
(75, '4c0d7d5ecce87333', 100, '2019-10-25 18:00:27', '2020-10-25 18:00:27', 0, 0, '2019-10-25 18:00:27', '::1'),
(76, 'a822a62c91cffd9d', 100, '2019-10-25 18:00:30', '2019-10-25 18:31:35', 0, 0, '2019-10-25 18:00:30', '::1'),
(77, '30501813938235e9', 100, '2019-10-25 18:03:14', '2020-10-25 18:03:14', 0, 0, '2019-10-25 18:03:14', '::1'),
(78, '43ad92388ad1cb9d', 100, '2019-10-25 18:03:18', '2020-10-25 18:03:18', 0, 0, '2019-10-25 18:03:18', '::1'),
(79, 'bed25a1b372c08d8', 100, '2019-10-25 18:03:23', '2020-10-25 18:03:23', 0, 0, '2019-10-25 18:03:23', '::1'),
(80, '0fd6069d4d48fdfe', 100, '2019-10-25 18:03:23', '2020-10-25 18:03:23', 0, 0, '2019-10-25 18:03:23', '::1'),
(81, 'ab7a4a07798bebcf', 100, '2019-10-25 18:03:24', '2020-10-25 18:03:24', 0, 0, '2019-10-25 18:03:24', '::1'),
(82, 'c30f020c54c2cac4', 100, '2019-10-25 18:03:25', '2020-10-25 18:03:25', 0, 0, '2019-10-25 18:03:25', '::1'),
(84, '641c5fd4be8bebe3', 100, '2019-10-25 18:08:40', '2020-10-25 18:08:40', 0, 0, '2019-10-25 18:08:40', '::1'),
(85, 'bf5622427bfe25dc', 100, '2019-10-25 18:09:28', '2020-10-25 18:09:28', 0, 0, '2019-10-25 18:09:28', '::1'),
(86, 'adc50e744ed7e946', 100, '2019-10-25 18:10:31', '2020-10-25 18:10:31', 0, 0, '2019-10-25 18:10:31', '::1'),
(87, '67a3c934c35e5010', 100, '2019-10-25 18:17:55', '2020-10-25 18:17:55', 0, 0, '2019-10-25 18:17:55', '::1'),
(88, '57cad4bb53e08461', 100, '2019-10-25 18:17:58', '2020-10-25 18:17:58', 0, 0, '2019-10-25 18:17:58', '::1'),
(90, '3ca9518d5b108bef', 100, '2019-10-25 18:17:59', '2020-10-25 18:17:59', 0, 0, '2019-10-25 18:17:59', '::1'),
(91, '15c7d52bc5d9f7ad', 100, '2019-10-25 18:18:22', '2020-10-25 18:18:22', 0, 0, '2019-10-25 18:18:22', '::1'),
(92, '8ad9d30f3419690c', 100, '2019-10-25 18:19:05', '2020-10-25 18:19:05', 0, 0, '2019-10-25 18:19:05', '::1'),
(93, '2bcfd3f052c3026b', 100, '2019-10-25 18:19:07', '2020-10-25 18:19:07', 0, 0, '2019-10-25 18:19:07', '::1'),
(94, '310638829cd8116f', 100, '2019-10-25 18:19:07', '2020-10-25 18:19:07', 0, 0, '2019-10-25 18:19:07', '::1'),
(95, '3cfba9357ec91ae2', 100, '2019-10-25 18:19:08', '2020-10-25 18:19:08', 0, 0, '2019-10-25 18:19:08', '::1'),
(96, '80836c661b6dd950', 100, '2019-10-25 18:19:09', '2020-10-25 18:19:09', 0, 0, '2019-10-25 18:19:09', '::1'),
(97, '2ab310a26bdc0779', 100, '2019-10-25 18:19:09', '2020-10-25 18:19:09', 0, 0, '2019-10-25 18:19:09', '::1'),
(98, 'a1cb9fd3902802b8', 100, '2019-10-25 18:19:10', '2020-10-25 18:19:10', 0, 0, '2019-10-25 18:19:10', '::1'),
(99, '2eb19bc5821d1022', 100, '2019-10-25 18:19:10', '2020-10-25 18:19:10', 0, 0, '2019-10-25 18:19:10', '::1'),
(100, 'ae0db26e2de503e2', 100, '2019-10-25 18:19:11', '2020-10-25 18:19:11', 0, 0, '2019-10-25 18:19:11', '::1'),
(101, '9a445e6f313bba5c', 100, '2019-10-25 18:19:11', '2020-10-25 18:19:11', 0, 0, '2019-10-25 18:19:11', '::1'),
(102, 'b877ef925b4649b6', 100, '2019-10-25 18:19:59', '2020-10-25 18:19:59', 0, 0, '2019-10-25 18:19:59', '::1'),
(103, 'b758979e9f3a5164', 100, '2019-10-25 18:20:00', '2020-10-25 18:20:00', 0, 0, '2019-10-25 18:20:00', '::1'),
(104, 'e8efc70d9b9c29a6', 100, '2019-10-25 18:20:01', '2020-10-25 18:20:01', 0, 0, '2019-10-25 18:20:01', '::1'),
(105, '2cf21357575cef1c', 100, '2019-10-25 18:20:01', '2020-10-25 18:20:01', 0, 0, '2019-10-25 18:20:01', '::1'),
(106, '8531e29a29dc0cd2', 100, '2019-10-25 18:20:02', '2020-10-25 18:20:02', 0, 0, '2019-10-25 18:20:02', '::1'),
(107, '06453d9645f8c0ae', 100, '2019-10-25 18:20:08', '2020-10-25 18:20:08', 0, 0, '2019-10-25 18:20:08', '::1'),
(109, '02a838f2654f1726', 100, '2019-10-26 10:40:54', '2019-10-26 14:06:32', 0, 0, '2019-10-26 10:40:54', '::1'),
(116, '70f9eacf9d7ad0bb', 100, '2019-10-26 15:43:04', '2019-10-26 16:16:53', 0, 0, '2019-10-26 15:43:04', '::1'),
(118, '300c6fc2253c25b2', 100, '2019-10-26 16:48:25', '2019-10-26 17:25:54', 0, 0, '2019-10-26 16:48:25', '::1'),
(119, 'fab0a0b907a9107b', 100, '2019-10-26 17:53:56', '2019-10-26 18:34:16', 0, 0, '2019-10-26 17:53:56', '::1'),
(120, 'f3060d760c34c2fe', 100, '2019-10-26 18:22:01', '2019-10-26 18:54:12', 0, 0, '2019-10-26 18:22:01', '::1'),
(127, 'a1cb9fd3902802a8', 999, '2019-10-25 18:19:10', '2025-11-04 16:25:18', 0, 0, '2019-10-25 18:19:10', '::1'),
(137, '13a54a1bcccfcb7e', 100, '2019-11-04 12:31:42', '2020-11-04 12:31:42', 0, 0, '2019-11-04 12:31:42', '::1'),
(159, '0383404f3b9d14cc', 100, '2019-11-08 16:08:59', '2020-11-08 16:08:59', 0, 0, '2019-11-08 16:08:59', '::1'),
(160, '2faa9a26917dde31', 100, '2019-11-08 16:10:05', '2020-11-08 16:10:05', 0, 0, '2019-11-08 16:10:05', '::1'),
(161, 'f9cafca7fe09ed56', 100, '2019-11-08 16:10:07', '2020-11-08 16:10:07', 0, 0, '2019-11-08 16:10:07', '::1'),
(162, '6430f13b5ba2c686', 100, '2019-11-08 16:42:57', '2020-11-08 16:42:57', 0, 0, '2019-11-08 16:42:57', '::1'),
(163, 'd844f0a57e343403', 100, '2019-11-08 16:50:44', '2020-11-08 16:50:44', 0, 0, '2019-11-08 16:50:44', '::1'),
(199, 'e6ba0f9d32cf73e9', 100, '2019-11-14 17:24:31', '2020-11-14 17:24:31', 0, 0, '2019-11-14 17:24:31', '::1'),
(265, '9b78e369ccd27b1e', 100, '2019-11-18 15:55:29', '2020-11-18 15:55:29', 0, 0, '2019-11-18 15:55:29', '::1'),
(266, '39a44a4ebdebdbfe', 100, '2019-11-18 15:55:30', '2020-11-18 15:55:30', 0, 0, '2019-11-18 15:55:30', '::1'),
(267, '4a9423e4de6f57f4', 100, '2019-11-18 15:55:49', '2020-11-18 15:55:49', 0, 0, '2019-11-18 15:55:49', '::1'),
(323, 'b847a7d40410ce34', 100, '2019-11-25 12:15:47', '2020-11-25 12:15:47', 0, 0, '2019-11-25 12:15:47', '::1'),
(324, '21470327ef365805', 100, '2019-11-25 12:17:44', '2020-11-25 12:17:44', 0, 0, '2019-11-25 12:17:44', '::1'),
(325, '641a64cda4241ebe', 100, '2019-11-25 12:18:39', '2020-11-25 12:18:39', 0, 0, '2019-11-25 12:18:39', '::1'),
(361, 'acbc498e9a9b4c35', 1, '2019-11-26 11:52:55', '2019-11-26 12:52:53', 0, 0, '2019-11-26 11:52:55', '::1'),
(362, '2dfbcda41b1c783a', 1, '2019-11-26 11:53:06', '2019-11-26 12:53:04', 0, 0, '2019-11-26 11:53:06', '::1'),
(363, 'ff1e8129d8793621', 1, '2019-11-26 13:18:02', '2019-11-26 14:18:02', 0, 0, '2019-11-26 13:18:02', '::1'),
(364, '206f6ba9c274a5b1', 1, '2019-11-26 14:09:01', '2019-11-26 14:42:22', 0, 0, '2019-11-26 14:09:01', '::1'),
(365, 'bf25208922833df0', 1, '2019-11-26 14:12:33', '2019-11-26 14:43:31', 0, 0, '2019-11-26 14:12:33', '::1'),
(366, '2690985dc5f87ad7', 1, '2019-11-26 14:13:39', '2019-11-26 20:14:47', 0, 0, '2019-11-26 14:13:39', '::1'),
(367, '674950ec99cc07b8', 1, '2019-11-26 14:14:54', '2019-11-27 01:16:41', 0, 0, '2019-11-26 14:14:54', '::1'),
(368, '4fe0cb1c44f388be', 1, '2019-11-27 10:21:17', '2019-11-27 17:26:20', 0, 0, '2019-11-27 10:21:17', '::1'),
(369, '31d58191fcd8eb57', 1, '2019-11-27 12:43:07', '2019-11-27 18:43:18', 0, 0, '2019-11-27 12:43:07', '::1'),
(370, '70fa8647faba2691', 1, '2019-11-27 14:17:41', '2019-11-27 20:17:41', 0, 0, '2019-11-27 14:17:41', '::1'),
(371, 'db67da5f9a5bc2f1', 100, '2019-11-27 14:23:42', '2020-11-27 14:23:42', 0, 0, '2019-11-27 14:23:42', '::1'),
(372, '2356e7e099e02210', 100, '2019-11-27 14:23:48', '2020-11-27 14:23:48', 0, 0, '2019-11-27 14:23:48', '::1'),
(373, '3b74c53eb98afb75', 100, '2019-11-27 14:23:48', '2020-11-27 14:23:48', 0, 0, '2019-11-27 14:23:48', '::1'),
(374, 'd10d5f23179a1fac', 100, '2019-11-27 14:23:49', '2020-11-27 14:23:49', 0, 0, '2019-11-27 14:23:49', '::1'),
(375, '8bfcf0c4615c89b2', 100, '2019-11-27 14:23:51', '2020-11-27 14:23:51', 0, 0, '2019-11-27 14:23:51', '::1'),
(376, '8c92ef8f04346887', 100, '2019-11-27 14:23:51', '2020-11-27 14:23:51', 0, 0, '2019-11-27 14:23:51', '::1'),
(377, '2e10ce2645151af5', 100, '2019-11-27 14:23:52', '2020-11-27 14:23:52', 0, 0, '2019-11-27 14:23:52', '::1'),
(378, '4887c685ec2495dc', 100, '2019-11-27 14:24:00', '2020-11-27 14:24:00', 0, 0, '2019-11-27 14:24:00', '::1'),
(379, '63de9f569ac805f2', 100, '2019-11-27 14:24:05', '2020-11-27 14:24:05', 0, 0, '2019-11-27 14:24:05', '::1'),
(380, 'b732a12e796d379c', 100, '2019-11-27 14:24:11', '2020-11-27 14:24:11', 0, 0, '2019-11-27 14:24:11', '::1'),
(381, '23fe30883fa17862', 100, '2019-11-27 14:24:12', '2020-11-27 14:24:12', 0, 0, '2019-11-27 14:24:12', '::1'),
(382, '12e66969ebba4666', 100, '2019-11-27 14:24:18', '2020-11-27 14:24:18', 0, 0, '2019-11-27 14:24:18', '::1'),
(383, '50a8b530cb443a18', 1, '2019-11-27 14:37:17', '2019-11-28 01:31:59', 0, 0, '2019-11-27 14:37:17', '::1'),
(384, 'a25cbc4b00c855cf', 1, '2019-11-28 10:04:34', '2019-11-28 17:09:26', 0, 0, '2019-11-28 10:04:34', '::1'),
(385, 'b00830e20d548425', 1, '2019-11-29 13:18:21', '2019-11-29 19:18:28', 0, 0, '2019-11-29 13:18:21', '::1'),
(386, 'a3cf81dbfc4b2196', 1, '2019-11-29 13:20:15', '2019-11-29 22:15:31', 0, 0, '2019-11-29 13:20:15', '::1'),
(387, 'a60f5de9d4f132e1', 1, '2019-11-29 16:15:33', '2019-11-30 01:30:43', 0, 0, '2019-11-29 16:15:33', '::1'),
(388, '3b65fc3da101d93b', 1, '2019-12-02 10:02:06', '2019-12-02 17:51:17', 0, 0, '2019-12-02 10:02:06', '::1'),
(389, 'a28b0198fc1d480e', 1, '2019-12-02 11:51:47', '2019-12-02 18:53:04', 0, 0, '2019-12-02 11:51:47', '::1'),
(390, '4e1e5660ff10eb76', 1, '2019-12-02 13:14:06', '2019-12-02 21:21:38', 0, 0, '2019-12-02 13:14:06', '::1'),
(391, '49d92db5f83ea9d6', 100, '2019-12-02 13:19:30', '2020-12-02 13:19:30', 0, 0, '2019-12-02 13:19:30', '::1'),
(392, '799e342d94a67801', 100, '2019-12-02 14:33:09', '2020-12-02 14:33:09', 0, 0, '2019-12-02 14:33:09', '::1'),
(393, '287bcf741dd8e85e', 100, '2019-12-02 14:38:53', '2020-12-02 14:38:53', 0, 0, '2019-12-02 14:38:53', '::1'),
(394, '65edc87a705b961b', 100, '2019-12-02 14:43:18', '2020-12-02 14:43:18', 0, 0, '2019-12-02 14:43:18', '::1'),
(395, 'cbe005ad44c6e9ac', 1, '2019-12-02 15:33:06', '2019-12-03 00:36:46', 0, 0, '2019-12-02 15:33:06', '::1'),
(396, '855be18b52409159', 1, '2019-12-02 16:25:54', '2019-12-02 22:30:18', 0, 0, '2019-12-02 16:25:54', '::1'),
(397, '3008035c12d8c8a7', 1, '2019-12-02 18:39:22', '2019-12-03 01:14:48', 0, 0, '2019-12-02 18:39:22', '::1'),
(398, '778ee2f013f40006', 1, '2019-12-03 10:21:17', '2019-12-03 22:10:42', 0, 0, '2019-12-03 10:21:17', '::1'),
(399, '73f2c919d1deec3a', 1, '2019-12-03 17:54:51', '2019-12-04 00:56:25', 0, 0, '2019-12-03 17:54:51', '::1'),
(400, 'e6d1aaf635d99f0c', 1, '2019-12-04 10:08:45', '2019-12-04 21:50:06', 0, 0, '2019-12-04 10:08:45', '::1'),
(401, '1294080d66bc56d7', 1, '2019-12-04 13:46:07', '2019-12-04 19:48:29', 0, 0, '2019-12-04 13:46:07', '::1'),
(402, 'f5b91739539e4f46', 4, '2019-12-04 16:29:39', '2019-12-04 22:29:53', 0, 0, '2019-12-04 16:29:39', '::1'),
(403, '053d515a4121f8a4', 1, '2019-12-04 16:30:03', '2019-12-05 00:35:27', 0, 0, '2019-12-04 16:30:03', '::1'),
(404, 'f475c458f878cc78', 1, '2019-12-04 18:38:34', '2019-12-05 00:50:32', 0, 0, '2019-12-04 18:38:34', '::1'),
(405, '6052c15c2bb9a071', 1, '2019-12-04 18:51:28', '2019-12-05 01:29:06', 0, 0, '2019-12-04 18:51:28', '::1'),
(406, '749bbc1f6bc6a446', 1, '2019-12-05 10:06:06', '2019-12-05 21:32:10', 0, 0, '2019-12-05 10:06:06', '::1'),
(407, '6ff82d88af696e02', 1, '2019-12-05 16:14:29', '2019-12-06 01:30:18', 0, 0, '2019-12-05 16:14:29', '::1'),
(408, 'a53aa3c5e481aeae', 1, '2019-12-06 10:55:30', '2019-12-06 22:46:47', 0, 0, '2019-12-06 10:55:30', '::1'),
(409, 'bb63b53cb89cccab', 1, '2019-12-06 15:32:45', '2019-12-06 22:56:03', 0, 0, '2019-12-06 15:32:45', '::1'),
(410, 'b7135a75ca4248c0', 1, '2019-12-06 16:46:56', '2019-12-06 23:11:49', 0, 0, '2019-12-06 16:46:56', '::1'),
(411, '460aed5ce18f9595', 1, '2019-12-06 17:12:17', '2019-12-07 00:16:57', 0, 0, '2019-12-06 17:12:17', '::1'),
(412, '06a1c89469037429', 1, '2019-12-06 18:17:23', '2019-12-07 00:55:37', 0, 0, '2019-12-06 18:17:23', '::1'),
(413, '17a954e2fd835799', 1, '2019-12-09 10:23:25', '2019-12-09 18:24:44', 0, 0, '2019-12-09 10:23:25', '::1'),
(414, 'b60de29721324fde', 1, '2019-12-09 12:02:44', '2019-12-09 18:23:43', 0, 0, '2019-12-09 12:02:44', '::1'),
(415, 'a4fb8c829b23a9f7', 1, '2019-12-09 12:25:13', '2019-12-09 18:45:57', 0, 0, '2019-12-09 12:25:13', '::1'),
(416, 'f50258263c0b8081', 1, '2019-12-09 12:46:13', '2019-12-09 18:47:48', 0, 0, '2019-12-09 12:46:13', '::1'),
(417, '92b9d17f7890def7', 1, '2019-12-09 12:50:03', '2019-12-09 21:37:44', 0, 0, '2019-12-09 12:50:03', '::1'),
(418, '1658156df6e18212', 1, '2019-12-09 15:54:25', '2019-12-10 01:28:37', 0, 0, '2019-12-09 15:54:25', '::1'),
(419, '90c7571000b826b5', 1, '2019-12-10 10:11:24', '2019-12-10 22:11:25', 0, 0, '2019-12-10 10:11:24', '::1'),
(420, '0a0820e5377d1872', 1, '2019-12-10 16:11:59', '2019-12-11 01:26:40', 0, 0, '2019-12-10 16:11:59', '::1'),
(421, 'fb452e0ddbf060a7', 1, '2019-12-11 10:09:34', '2019-12-11 22:01:13', 0, 0, '2019-12-11 10:09:34', '::1'),
(422, '23429c9e6190827a', 1, '2019-12-11 17:00:08', '2019-12-12 00:48:45', 0, 0, '2019-12-11 17:00:08', '::1'),
(423, '033589ea18d8b240', 1, '2019-12-12 10:11:05', '2019-12-12 22:10:54', 0, 0, '2019-12-12 10:11:05', '::1'),
(424, '43d1405a127897d0', 1, '2019-12-12 16:24:03', '2019-12-13 01:29:49', 0, 0, '2019-12-12 16:24:03', '::1'),
(425, '8be23dfc42dee2e5', 1, '2019-12-13 10:10:07', '2019-12-13 16:10:12', 0, 0, '2019-12-13 10:10:07', '::1'),
(426, '2808317aebb18dec', 1, '2019-12-13 12:28:42', '2019-12-13 18:37:47', 0, 0, '2019-12-13 12:28:42', '::1'),
(427, '612d816c45e43658', 1, '2019-12-13 14:57:06', '2019-12-14 01:20:48', 0, 0, '2019-12-13 14:57:06', '::1'),
(428, '0518754f2c9ee294', 1, '2019-12-13 16:10:09', '2019-12-13 22:16:22', 0, 0, '2019-12-13 16:10:09', '::1'),
(429, 'ddfd9a0e636b4e13', 1, '2019-12-14 10:01:19', '2019-12-14 18:26:32', 0, 0, '2019-12-14 10:01:19', '::1'),
(430, 'dbe97d023f2f1312', 1, '2019-12-14 10:27:25', '2019-12-14 20:20:52', 0, 0, '2019-12-14 10:27:25', '::1'),
(431, 'b3d9cfd97e910c20', 1, '2019-12-14 12:26:48', '2019-12-14 20:25:31', 0, 0, '2019-12-14 12:26:48', '::1'),
(432, 'caaf8c0815f77a7f', 1, '2019-12-14 14:27:10', '2019-12-14 20:27:21', 0, 0, '2019-12-14 14:27:10', '::1'),
(433, 'a020bc0661922d10', 1, '2019-12-14 14:27:58', '2019-12-14 20:40:43', 0, 0, '2019-12-14 14:27:58', '::1'),
(434, 'b79d81aba6e0b718', 1, '2019-12-14 14:45:12', '2019-12-14 21:53:32', 0, 0, '2019-12-14 14:45:12', '::1');

-- --------------------------------------------------------

--
-- Table structure for table `auth_user`
--

CREATE TABLE `auth_user` (
  `user_id` int(11) NOT NULL,
  `user_name` varchar(30) NOT NULL,
  `user_role` varchar(30) NOT NULL,
  `password` varchar(30) NOT NULL,
  `is_active` tinyint(3) NOT NULL,
  `is_delete` tinyint(3) NOT NULL
) ENGINE=InnoDB DEFAULT CHARSET=utf8;

--
-- Dumping data for table `auth_user`
--

INSERT INTO `auth_user` (`user_id`, `user_name`, `user_role`, `password`, `is_active`, `is_delete`) VALUES
(1, 'admin', 'admin', '12345', 1, 0),
(2, 'barun', 'admin', '12345', 1, 0),
(3, 'displayfort', 'admin', 'displayfort', 0, 0),
(4, 'token', 'admin', 'token', 1, 0);

-- --------------------------------------------------------

--
-- Table structure for table `countobject`
--

CREATE TABLE `countobject` (
  `id` int(11) NOT NULL,
  `date` varchar(150) DEFAULT NULL,
  `object` varchar(500) DEFAULT NULL,
  `vehicle_id` varchar(15) NOT NULL,
  `confic` varchar(8) NOT NULL
) ENGINE=MyISAM DEFAULT CHARSET=latin1;

--
-- Dumping data for table `countobject`
--

INSERT INTO `countobject` (`id`, `date`, `object`, `vehicle_id`, `confic`) VALUES
(2, '2019-08-23 14:05:58', 'bicycle', 'veh_ae50', '65.0'),
(3, '2019-08-27 14:06:02', 'motorcycle', 'veh_3f9c', '78.0'),
(4, '2019-08-23 14:07:41', 'motorcycle', 'veh_7901', '95.0'),
(5, '2019-08-23 14:07:44', 'motorcycle', 'veh_ad44', '60.0'),
(6, '2019-08-23 14:07:54', 'motorcycle', 'veh_71ca', '84.0'),
(7, '2019-08-23 14:07:58', 'motorcycle', 'veh_6adb', '89.0'),
(8, '2019-08-23 14:08:30', 'motorcycle', 'veh_86cb', '74.0'),
(9, '2019-08-28 14:09:41', 'motorcycle', 'veh_fa76', '91.0'),
(10, '2019-08-23 14:09:55', 'motorcycle', 'veh_bb91', '89.0'),
(11, '2019-08-23 14:09:56', 'motorcycle', 'veh_cc54', '83.0'),
(12, '2019-08-23 14:10:25', 'motorcycle', 'veh_c6b6', '93.0'),
(13, '2019-08-23 14:10:33', 'motorcycle', 'veh_6a21', '91.0'),
(14, '2019-08-23 14:10:40', 'motorcycle', 'veh_1aea', '65.0'),
(15, '2019-08-23 14:10:44', 'motorcycle', 'veh_aff9', '79.0'),
(16, '2019-08-23 14:10:59', 'motorcycle', 'veh_f520', '65.0'),
(17, '2019-08-23 14:11:11', 'truck', 'veh_67e5', '92.0'),
(18, '2019-08-23 14:12:23', 'truck', 'veh_81b0', '92.0'),
(19, '2019-08-23 14:12:24', 'motorcycle', 'veh_fc99', '72.0'),
(20, '2019-08-23 14:13:08', 'truck', 'veh_e833', '86.0'),
(21, '2019-08-23 14:13:44', 'truck', 'veh_f09a', '75.0'),
(22, '2019-08-23 14:13:46', 'motorcycle', 'veh_8785', '87.0'),
(23, '2019-08-23 14:16:47', 'motorcycle', 'veh_2bd6', '91.0'),
(24, '2019-08-23 14:17:43', 'bicycle', 'veh_4de3', '74.0'),
(25, '2019-08-23 14:18:24', 'truck', 'veh_3a9b', '83.0'),
(26, '2019-08-23 14:18:40', 'truck', 'veh_c6b8', '91.0'),
(27, '2019-08-23 14:19:53', 'truck', 'veh_ae7f', '80.0'),
(28, '2019-08-23 14:21:06', 'motorcycle', 'veh_0297', '89.0'),
(29, '2019-08-23 14:21:08', 'truck', 'veh_b878', '92.0'),
(30, '2019-08-23 18:24:41', 'car', 'veh_5908', '56.00'),
(31, '2019-08-23 18:25:01', 'car', 'veh_d6bb', '73.00'),
(32, '2019-08-23 18:25:06', 'motorcycle', 'veh_fa2a', '62.00'),
(33, '2019-08-23 18:25:12', 'car', 'veh_8280', '63.00'),
(34, '2019-08-23 18:25:15', 'car', 'veh_41b0', '79.00'),
(35, '2019-08-23 18:25:20', 'motorcycle', 'veh_e179', '59.00'),
(36, '2019-08-23 18:25:23', 'motorcycle', 'veh_25ef', '86.00'),
(37, '2019-08-23 18:25:27', 'car', 'veh_6e84', '93.00'),
(38, '2019-08-23 18:25:28', 'car', 'veh_2954', '95.00'),
(39, '2019-08-23 18:25:37', 'motorcycle', 'veh_f86e', '73.00'),
(40, '2019-08-23 18:25:47', 'motorcycle', 'veh_a2e9', '73.00'),
(41, '2019-08-23 18:25:49', 'motorcycle', 'veh_1eab', '52.00'),
(42, '2019-08-23 18:25:54', 'car', 'veh_54ef', '52.00'),
(43, '2019-08-23 18:25:57', 'motorcycle', 'veh_1f53', '67.00'),
(44, '2019-08-23 18:26:00', 'car', 'veh_e2e1', '99.00'),
(45, '2019-08-23 18:26:04', 'motorcycle', 'veh_87af', '82.00'),
(46, '2019-08-23 18:26:29', 'car', 'veh_f9d3', '60.00'),
(47, '2019-08-23 18:26:51', 'car', 'veh_23c3', '53.00'),
(48, '2019-08-23 18:26:59', 'car', 'veh_a6ae', '90.00'),
(49, '2019-08-23 18:27:02', 'car', 'veh_8a34', '87.00'),
(50, '2019-08-23 18:27:11', 'car', 'veh_cfe9', '76.00'),
(51, '2019-08-23 18:27:14', 'car', 'veh_95e9', '94.00'),
(52, '2019-08-23 18:29:53', 'car', 'veh_ef1c', '97.00'),
(53, '2019-08-23 18:30:05', 'car', 'veh_2df8', '97.00'),
(54, '2019-08-23 18:30:21', 'car', 'veh_965c', '99.00'),
(55, '2019-08-23 18:30:24', 'car', 'veh_ca77', '98.00'),
(56, '2019-08-23 18:30:43', 'car', 'veh_2bca', '99.00'),
(57, '2019-08-23 18:30:50', 'car', 'veh_ab3a', '96.00'),
(58, '2019-08-23 18:31:04', 'car', 'veh_fc71', '81.00'),
(59, '2019-08-23 18:31:36', 'car', 'veh_126f', '95.00'),
(60, '2019-08-23 18:34:48', 'car', 'veh_b05d', '99.00'),
(61, '2019-08-23 18:34:55', 'car', 'veh_8b25', '96.00'),
(62, '2019-08-23 18:35:11', 'car', 'veh_bf5f', '81.00'),
(63, '2019-08-23 18:35:41', 'car', 'veh_5d4e', '95.00'),
(64, '2019-08-23 18:36:30', 'car', 'veh_20d7', '99.00'),
(65, '2019-08-23 18:36:40', 'car', 'veh_bf8a', '96.00'),
(66, '2019-08-23 18:36:56', 'car', 'veh_4863', '81.00'),
(67, '2019-08-23 18:37:22', 'car', 'veh_1582', '95.00'),
(68, '2019-08-23 18:44:08', 'car', 'veh_041a', '93.00'),
(69, '2019-08-23 18:44:20', 'car', 'veh_2e01', '93.00'),
(70, '2019-08-23 18:44:22', 'car', 'veh_0af9', '85.00'),
(71, '2019-08-23 18:44:28', 'car', 'veh_bbe9', '65.00'),
(72, '2019-08-23 18:44:32', 'car', 'veh_51f5', '99.00'),
(73, '2019-08-23 18:44:35', 'car', 'veh_346a', '86.00'),
(74, '2019-08-23 18:44:38', 'car', 'veh_74a4', '95.00'),
(75, '2019-08-23 18:44:42', 'car', 'veh_f49d', '77.00'),
(76, '2019-08-23 18:44:54', 'car', 'veh_d01c', '81.00'),
(77, '2019-08-23 18:45:02', 'motorcycle', 'veh_af4d', '60.00'),
(78, '2019-08-23 18:45:05', 'truck', 'veh_fc62', '67.00'),
(79, '2019-08-23 18:45:23', 'car', 'veh_3f6c', '76.00'),
(80, '2019-08-23 18:45:25', 'car', 'veh_7074', '53.00'),
(81, '2019-08-23 18:45:30', 'car', 'veh_1fdb', '51.00'),
(82, '2019-08-23 18:45:34', 'motorcycle', 'veh_d639', '56.00'),
(83, '2019-08-23 18:45:43', 'car', 'veh_df9c', '98.00'),
(84, '2019-08-23 18:46:05', 'car', 'veh_1dad', '66.00'),
(85, '2019-08-23 18:46:09', 'motorcycle', 'veh_28f3', '75.00'),
(86, '2019-08-23 18:46:13', 'motorcycle', 'veh_12ba', '66.00'),
(87, '2019-08-23 18:46:24', 'car', 'veh_f1fe', '70.00'),
(88, '2019-08-23 18:46:27', 'car', 'veh_fd99', '69.00'),
(89, '2019-08-23 18:46:31', 'motorcycle', 'veh_d487', '84.00'),
(90, '2019-08-23 18:46:33', 'motorcycle', 'veh_4db4', '81.00'),
(91, '2019-08-23 18:46:39', 'truck', 'veh_a0db', '59.00'),
(92, '2019-08-23 18:46:43', 'motorcycle', 'veh_1d9c', '67.00'),
(93, '2019-08-23 18:46:48', 'car', 'veh_c76a', '66.00'),
(94, '2019-08-23 18:46:50', 'car', 'veh_7146', '89.00'),
(95, '2019-08-23 18:46:55', 'motorcycle', 'veh_8ff8', '69.00'),
(96, '2019-08-23 18:47:00', 'car', 'veh_049b', '92.00'),
(97, '2019-08-23 18:47:03', 'car', 'veh_0d49', '50.00'),
(98, '2019-08-23 18:47:07', 'car', 'veh_7c78', '95.00'),
(99, '2019-08-23 18:47:10', 'car', 'veh_a8b9', '91.00'),
(100, '2019-08-23 18:47:12', 'car', 'veh_1c87', '81.00'),
(101, '2019-08-23 18:47:15', 'motorcycle', 'veh_dda6', '50.00'),
(102, '2019-08-23 18:47:22', 'car', 'veh_57f1', '92.00'),
(103, '2019-08-23 18:47:25', 'car', 'veh_0099', '98.00'),
(104, '2019-08-23 18:47:31', 'car', 'veh_7004', '99.00'),
(105, '2019-08-23 18:47:35', 'car', 'veh_643e', '96.00'),
(106, '2019-08-23 18:47:38', 'car', 'veh_2206', '99.00'),
(107, '2019-08-23 18:47:42', 'car', 'veh_02cb', '96.00'),
(108, '2019-08-23 18:47:47', 'car', 'veh_32c7', '96.00'),
(109, '2019-08-23 18:47:50', 'car', 'veh_7daf', '79.00'),
(110, '2019-08-23 18:47:52', 'car', 'veh_37d2', '99.00'),
(111, '2019-08-23 18:47:56', 'car', 'veh_2f3b', '69.00'),
(112, '2019-08-23 18:48:04', 'car', 'veh_3f80', '92.00'),
(113, '2019-08-23 18:48:09', 'car', 'veh_4b6c', '97.00'),
(114, '2019-08-23 18:48:14', 'car', 'veh_5147', '99.00'),
(115, '2019-08-23 18:48:21', 'car', 'veh_3e6c', '98.00'),
(116, '2019-08-23 18:48:24', 'car', 'veh_4adc', '98.00'),
(117, '2019-08-23 18:48:29', 'car', 'veh_ec37', '92.00'),
(118, '2019-08-23 18:48:31', 'car', 'veh_b460', '72.00'),
(119, '2019-08-23 18:48:35', 'car', 'veh_5b92', '98.00'),
(120, '2019-08-23 18:48:38', 'car', 'veh_38b1', '98.00'),
(121, '2019-08-23 18:48:40', 'car', 'veh_489e', '99.00'),
(122, '2019-08-23 18:48:43', 'motorcycle', 'veh_aa37', '87.00'),
(123, '2019-08-23 18:48:47', 'car', 'veh_2a81', '95.00'),
(124, '2019-08-23 18:48:51', 'car', 'veh_f362', '87.00'),
(125, '2019-08-23 18:48:57', 'car', 'veh_56c7', '98.00'),
(126, '2019-08-23 18:49:00', 'motorcycle', 'veh_0906', '59.00'),
(127, '2019-08-23 18:49:02', 'car', 'veh_5c5c', '61.00'),
(128, '2019-08-23 18:49:04', 'car', 'veh_961d', '96.00'),
(129, '2019-08-23 18:49:11', 'car', 'veh_19e9', '98.00'),
(130, '2019-08-23 18:49:17', 'car', 'veh_9ac2', '59.00'),
(131, '2019-08-23 18:49:25', 'car', 'veh_81a0', '98.00'),
(132, '2019-08-23 18:49:36', 'car', 'veh_c8ff', '96.00'),
(133, '2019-08-23 18:49:39', 'car', 'veh_5be0', '96.00'),
(134, '2019-08-23 18:49:43', 'car', 'veh_db1d', '54.00'),
(135, '2019-08-23 18:49:47', 'motorcycle', 'veh_659d', '77.00'),
(136, '2019-08-23 18:49:52', 'car', 'veh_2c4f', '56.00'),
(137, '2019-08-23 18:49:54', 'car', 'veh_1aab', '55.00'),
(138, '2019-08-23 18:49:57', 'car', 'veh_d4b4', '94.00'),
(139, '2019-08-23 18:50:03', 'car', 'veh_0512', '55.00'),
(140, '2019-08-23 18:50:35', 'bicycle', 'veh_a479', '59.00'),
(141, '2019-08-23 18:50:39', 'car', 'veh_59d4', '92.00'),
(142, '2019-08-23 18:51:15', 'motorcycle', 'veh_9a85', '52.00'),
(143, '2019-08-23 18:52:04', 'car', 'veh_ea6e', '68.00'),
(144, '2019-08-23 18:52:22', 'car', 'veh_dcd3', '65.00'),
(145, '2019-08-23 18:52:54', 'car', 'veh_6dbf', '83.00'),
(146, '2019-08-23 18:53:12', 'car', 'veh_7867', '99.00'),
(147, '2019-08-23 18:53:25', 'car', 'veh_e365', '55.00'),
(148, '2019-08-23 18:53:52', 'motorcycle', 'veh_df5b', '61.00'),
(149, '2019-08-23 18:53:54', 'motorcycle', 'veh_43d2', '70.00'),
(150, '2019-08-23 18:53:58', 'car', 'veh_a515', '95.00'),
(151, '2019-08-23 18:54:03', 'car', 'veh_afc6', '97.00'),
(152, '2019-08-23 18:54:08', 'car', 'veh_4b92', '69.00'),
(153, '2019-08-23 18:54:12', 'motorcycle', 'veh_81a2', '82.00'),
(154, '2019-08-23 18:54:20', 'car', 'veh_e15b', '70.00'),
(155, '2019-08-23 18:54:27', 'car', 'veh_2c3a', '94.00'),
(156, '2019-08-23 18:54:59', 'car', 'veh_6474', '91.00'),
(157, '2019-08-23 18:55:06', 'car', 'veh_b065', '50.00'),
(158, '2019-08-23 18:55:09', 'car', 'veh_3e0e', '80.00'),
(159, '2019-08-23 18:55:14', 'truck', 'veh_0175', '59.00'),
(160, '2019-08-23 18:55:17', 'motorcycle', 'veh_28f6', '57.00'),
(161, '2019-08-23 18:55:19', 'car', 'veh_82b6', '82.00'),
(162, '2019-08-23 18:55:21', 'motorcycle', 'veh_7cbc', '63.00'),
(163, '2019-08-23 18:55:23', 'motorcycle', 'veh_1b0d', '54.00'),
(164, '2019-08-23 18:55:30', 'car', 'veh_6ab1', '83.00'),
(165, '2019-08-23 18:55:35', 'motorcycle', 'veh_d696', '78.00'),
(166, '2019-08-23 18:55:37', 'car', 'veh_75dc', '92.00'),
(167, '2019-08-23 18:55:40', 'motorcycle', 'veh_83c5', '75.00'),
(168, '2019-08-23 18:55:48', 'car', 'veh_42cf', '97.00'),
(169, '2019-08-23 18:55:59', 'car', 'veh_318d', '66.00'),
(170, '2019-08-23 18:56:02', 'motorcycle', 'veh_a5b4', '53.00'),
(171, '2019-08-23 18:56:05', 'car', 'veh_0431', '96.00'),
(172, '2019-08-23 18:56:15', 'car', 'veh_1e15', '76.00'),
(173, '2019-08-23 18:56:19', 'motorcycle', 'veh_34bd', '53.00'),
(174, '2019-08-23 18:56:22', 'car', 'veh_eef9', '77.00'),
(175, '2019-08-23 18:56:24', 'motorcycle', 'veh_e958', '68.00'),
(176, '2019-08-23 18:56:27', 'motorcycle', 'veh_23c9', '93.00'),
(177, '2019-08-23 18:56:34', 'car', 'veh_c6a6', '94.00'),
(178, '2019-08-23 18:56:37', 'motorcycle', 'veh_b597', '53.00'),
(179, '2019-08-23 18:56:43', 'car', 'veh_dd6e', '50.00'),
(180, '2019-08-23 18:56:45', 'motorcycle', 'veh_d21e', '70.00'),
(181, '2019-08-23 18:56:47', 'car', 'veh_29f6', '50.00'),
(182, '2019-08-23 18:56:50', 'car', 'veh_efd9', '67.00'),
(183, '2019-08-23 18:56:53', 'car', 'veh_33b4', '69.00'),
(184, '2019-08-23 18:56:56', 'car', 'veh_db67', '70.00'),
(185, '2019-08-23 18:57:27', 'motorcycle', 'veh_7ca6', '64.00'),
(186, '2019-08-23 18:57:30', 'motorcycle', 'veh_8b43', '50.00'),
(187, '2019-08-23 18:57:38', 'car', 'veh_5f2b', '97.00'),
(188, '2019-08-23 18:57:41', 'car', 'veh_cc27', '94.00'),
(189, '2019-08-23 18:57:44', 'bus', 'veh_5d35', '56.00'),
(190, '2019-08-23 18:57:47', 'bicycle', 'veh_a9e4', '54.00'),
(191, '2019-08-23 18:57:49', 'car', 'veh_d64f', '61.00'),
(192, '2019-08-23 18:57:53', 'motorcycle', 'veh_ece5', '67.00'),
(193, '2019-08-23 18:57:59', 'bicycle', 'veh_b063', '67.00'),
(194, '2019-08-23 18:58:01', 'motorcycle', 'veh_984d', '59.00'),
(195, '2019-08-23 18:58:07', 'car', 'veh_fb62', '99.00'),
(196, '2019-08-23 18:58:09', 'car', 'veh_3e2e', '62.00'),
(197, '2019-08-23 18:58:17', 'motorcycle', 'veh_e6b3', '78.00'),
(198, '2019-08-23 18:58:23', 'car', 'veh_9698', '62.00'),
(199, '2019-08-23 18:58:28', 'car', 'veh_984f', '84.00'),
(200, '2019-08-23 18:58:32', 'car', 'veh_8912', '96.00'),
(201, '2019-08-23 18:59:09', 'motorcycle', 'veh_37f2', '65.00'),
(202, '2019-08-23 18:59:38', 'car', 'veh_b903', '54.00'),
(203, '2019-08-23 18:59:43', 'car', 'veh_e734', '94.00'),
(204, '2019-08-23 19:00:03', 'car', 'veh_b789', '84.00'),
(205, '2019-08-23 19:01:16', 'car', 'veh_4c72', '94.00'),
(206, '2019-08-23 19:06:21', 'car', 'veh_489d', '97.00'),
(207, '2019-08-23 19:06:25', 'car', 'veh_94a5', '91.00'),
(208, '2019-08-23 19:06:34', 'car', 'veh_5365', '75.00'),
(209, '2019-08-23 19:06:43', 'car', 'veh_9fc0', '60.00'),
(210, '2019-08-23 19:06:45', 'car', 'veh_8976', '81.00'),
(211, '2019-08-23 19:06:54', 'car', 'veh_e55e', '59.00'),
(212, '2019-08-23 19:07:04', 'car', 'veh_bc8e', '68.00'),
(213, '2019-08-23 19:07:15', 'car', 'veh_f3c0', '73.00'),
(214, '2019-08-23 19:07:24', 'car', 'veh_4c43', '66.00'),
(215, '2019-08-23 19:07:28', 'car', 'veh_e8b4', '91.00'),
(216, '2019-08-23 19:07:37', 'car', 'veh_3163', '93.00'),
(217, '2019-08-23 19:07:40', 'car', 'veh_7215', '98.00'),
(218, '2019-08-23 19:07:48', 'car', 'veh_b6e8', '73.00'),
(219, '2019-08-23 19:07:50', 'motorcycle', 'veh_a0c6', '52.00'),
(220, '2019-08-23 19:07:51', 'car', 'veh_b2a2', '57.00'),
(221, '2019-08-23 19:08:10', 'car', 'veh_a3d4', '68.00'),
(222, '2019-08-23 19:08:13', 'car', 'veh_84b9', '68.00'),
(223, '2019-08-23 19:08:18', 'car', 'veh_762f', '89.00'),
(224, '2019-08-23 19:08:29', 'car', 'veh_c23c', '84.00'),
(225, '2019-08-23 19:08:30', 'car', 'veh_3339', '84.00'),
(226, '2019-08-23 19:08:32', 'car', 'veh_7173', '90.00'),
(227, '2019-08-23 19:08:34', 'motorcycle', 'veh_7a3b', '80.00'),
(228, '2019-08-23 19:08:44', 'car', 'veh_0cf4', '94.00'),
(229, '2019-08-23 19:08:49', 'car', 'veh_258c', '97.00'),
(230, '2019-08-23 19:08:56', 'car', 'veh_b360', '52.00'),
(231, '2019-08-23 19:08:58', 'car', 'veh_891b', '78.00'),
(232, '2019-08-23 19:09:01', 'car', 'veh_867a', '67.00'),
(233, '2019-08-23 19:09:06', 'car', 'veh_a6d1', '93.00'),
(234, '2019-08-23 19:09:09', 'motorcycle', 'veh_ebb7', '50.00'),
(235, '2019-08-23 19:09:12', 'car', 'veh_c7f8', '83.00'),
(236, '2019-08-23 19:09:17', 'car', 'veh_16b3', '95.00'),
(237, '2019-08-23 19:09:20', 'car', 'veh_392f', '95.00'),
(238, '2019-08-23 19:09:22', 'car', 'veh_43c7', '80.00'),
(239, '2019-08-23 19:09:26', 'car', 'veh_2178', '92.00'),
(240, '2019-08-23 19:09:31', 'car', 'veh_3839', '92.00'),
(241, '2019-08-23 19:09:35', 'car', 'veh_17f9', '94.00'),
(242, '2019-08-23 19:09:39', 'truck', 'veh_3b37', '69.00'),
(243, '2019-08-23 19:09:43', 'car', 'veh_7e71', '92.00'),
(244, '2019-08-23 19:09:45', 'car', 'veh_703c', '58.00'),
(245, '2019-08-23 19:09:49', 'car', 'veh_1237', '78.00'),
(246, '2019-08-23 19:09:51', 'motorcycle', 'veh_f86d', '96.00'),
(247, '2019-08-23 19:09:54', 'car', 'veh_79de', '74.00'),
(248, '2019-08-23 19:09:59', 'car', 'veh_77d7', '57.00'),
(249, '2019-08-23 19:10:06', 'motorcycle', 'veh_a274', '54.00'),
(250, '2019-08-23 19:10:08', 'motorcycle', 'veh_f022', '51.00'),
(251, '2019-08-23 19:10:18', 'car', 'veh_5ec3', '98.00'),
(252, '2019-08-23 19:10:20', 'bus', 'veh_b4d0', '55.00'),
(253, '2019-08-23 19:10:22', 'car', 'veh_41c0', '89.00'),
(254, '2019-08-23 19:10:24', 'car', 'veh_7421', '96.00'),
(255, '2019-08-23 19:10:29', 'car', 'veh_1c36', '99.00'),
(256, '2019-08-23 19:10:36', 'car', 'veh_a0e7', '56.00'),
(257, '2019-08-23 19:10:38', 'car', 'veh_7dd6', '99.00'),
(258, '2019-08-23 19:10:42', 'car', 'veh_e9bf', '50.00'),
(259, '2019-08-23 19:10:45', 'car', 'veh_51ea', '56.00'),
(260, '2019-08-23 19:10:51', 'car', 'veh_0c34', '81.00'),
(261, '2019-08-23 19:10:55', 'car', 'veh_766a', '53.00'),
(262, '2019-08-23 19:11:08', 'bicycle', 'veh_62f3', '53.00'),
(263, '2019-08-23 19:11:13', 'car', 'veh_1efd', '75.00'),
(264, '2019-08-23 19:11:20', 'car', 'veh_a952', '66.00'),
(265, '2019-08-23 19:11:23', 'car', 'veh_005c', '95.00'),
(266, '2019-08-23 19:11:29', 'car', 'veh_0447', '54.00'),
(267, '2019-08-23 19:11:39', 'car', 'veh_d9e0', '78.00'),
(268, '2019-08-23 19:11:48', 'motorcycle', 'veh_8d44', '50.00'),
(269, '2019-08-23 19:11:49', 'motorcycle', 'veh_c909', '65.00'),
(270, '2019-08-23 19:11:56', 'motorcycle', 'veh_ebf2', '90.00'),
(271, '2019-08-23 19:12:15', 'car', 'veh_ac4c', '58.00'),
(272, '2019-08-23 19:12:36', 'bus', 'veh_10da', '73.00'),
(273, '2019-08-23 19:12:43', 'car', 'veh_b280', '64.00'),
(274, '2019-08-23 19:13:23', 'motorcycle', 'veh_63cd', '77.00'),
(275, '2019-08-23 19:13:33', 'car', 'veh_6c94', '99.00'),
(276, '2019-08-23 19:13:41', 'car', 'veh_5284', '97.00'),
(277, '2019-08-23 19:14:12', 'bicycle', 'veh_d629', '52.00'),
(278, '2019-08-23 19:14:34', 'car', 'veh_5408', '54.00'),
(279, '2019-08-23 19:14:49', 'motorcycle', 'veh_bab1', '60.00'),
(280, '2019-08-23 19:15:04', 'car', 'veh_cdd5', '82.00'),
(281, '2019-08-23 19:15:12', 'motorcycle', 'veh_27a8', '69.00'),
(282, '2019-08-23 19:15:30', 'motorcycle', 'veh_0239', '60.00'),
(283, '2019-08-23 19:15:34', 'car', 'veh_1b88', '97.00'),
(284, '2019-08-23 19:15:37', 'car', 'veh_f22f', '84.00'),
(285, '2019-08-23 19:15:45', 'car', 'veh_a730', '96.00'),
(286, '2019-08-23 19:15:47', 'car', 'veh_dc57', '61.00'),
(287, '2019-08-23 19:15:58', 'car', 'veh_96ec', '51.00'),
(288, '2019-08-23 19:16:09', 'car', 'veh_6594', '62.00'),
(289, '2019-08-23 19:16:11', 'motorcycle', 'veh_3a5c', '68.00'),
(290, '2019-08-23 19:16:14', 'car', 'veh_02f3', '97.00'),
(291, '2019-08-23 19:16:17', 'car', 'veh_0c99', '82.00'),
(292, '2019-08-23 19:16:22', 'car', 'veh_d5ee', '52.00'),
(293, '2019-08-23 19:16:25', 'car', 'veh_fe94', '58.00'),
(294, '2019-08-23 19:16:28', 'motorcycle', 'veh_8bb9', '60.00'),
(295, '2019-08-23 19:16:33', 'car', 'veh_7048', '70.00'),
(296, '2019-08-23 19:16:42', 'car', 'veh_2ec6', '82.00'),
(297, '2019-08-23 19:16:43', 'car', 'veh_fb36', '93.00'),
(298, '2019-08-23 19:16:56', 'car', 'veh_0a70', '98.00'),
(299, '2019-08-23 19:17:13', 'car', 'veh_e8d1', '98.00'),
(300, '2019-08-23 19:17:19', 'car', 'veh_fde6', '71.00'),
(301, '2019-08-23 19:17:21', 'car', 'veh_c78a', '95.00'),
(302, '2019-08-23 19:17:30', 'truck', 'veh_f8d5', '66.00'),
(303, '2019-08-23 19:17:33', 'motorcycle', 'veh_8c49', '53.00'),
(304, '2019-08-23 19:17:37', 'motorcycle', 'veh_3e24', '53.00'),
(305, '2019-08-23 19:17:39', 'car', 'veh_3380', '54.00'),
(306, '2019-08-23 19:17:41', 'car', 'veh_7b95', '99.00'),
(307, '2019-08-23 19:17:46', 'car', 'veh_5a3f', '51.00'),
(308, '2019-08-23 19:17:52', 'car', 'veh_a265', '88.00'),
(309, '2019-08-23 19:17:57', 'car', 'veh_80cb', '83.00'),
(310, '2019-08-23 19:18:04', 'car', 'veh_9707', '51.00'),
(311, '2019-08-23 19:18:06', 'car', 'veh_da05', '98.00'),
(312, '2019-08-23 19:18:10', 'car', 'veh_1a90', '95.00'),
(313, '2019-08-23 19:18:15', 'car', 'veh_96fd', '58.00'),
(314, '2019-08-23 19:18:24', 'car', 'veh_1194', '81.00'),
(315, '2019-08-23 19:18:29', 'car', 'veh_6161', '95.00'),
(316, '2019-08-23 19:18:32', 'car', 'veh_2d07', '51.00'),
(317, '2019-08-23 19:18:40', 'car', 'veh_cfde', '90.00'),
(318, '2019-08-23 19:18:43', 'car', 'veh_7a02', '62.00'),
(319, '2019-08-23 19:18:47', 'car', 'veh_cc41', '98.00'),
(320, '2019-08-23 19:18:50', 'car', 'veh_8552', '61.00'),
(321, '2019-08-23 19:18:53', 'car', 'veh_9c55', '56.00'),
(322, '2019-08-23 19:18:56', 'car', 'veh_fd5a', '97.00'),
(323, '2019-08-23 19:19:09', 'motorcycle', 'veh_6e4f', '64.00'),
(324, '2019-08-23 19:19:11', 'car', 'veh_c93c', '56.00'),
(325, '2019-08-23 19:19:13', 'car', 'veh_cc0d', '91.00'),
(326, '2019-08-23 19:19:16', 'car', 'veh_52a7', '90.00'),
(327, '2019-08-23 19:19:19', 'car', 'veh_8df7', '94.00'),
(328, '2019-08-23 19:19:22', 'car', 'veh_ff9c', '79.00'),
(329, '2019-08-23 19:19:25', 'car', 'veh_4b87', '60.00'),
(330, '2019-08-23 19:19:29', 'car', 'veh_67dd', '93.00'),
(331, '2019-08-23 19:19:37', 'car', 'veh_211f', '92.00'),
(332, '2019-08-23 19:19:41', 'car', 'veh_890e', '71.00'),
(333, '2019-08-23 19:19:44', 'car', 'veh_c8bd', '94.00'),
(334, '2019-08-23 19:19:47', 'car', 'veh_c6df', '73.00'),
(335, '2019-08-23 19:19:52', 'motorcycle', 'veh_a0a8', '66.00'),
(336, '2019-08-23 19:19:55', 'car', 'veh_7d50', '93.00'),
(337, '2019-08-23 19:19:58', 'car', 'veh_788b', '52.00'),
(338, '2019-08-23 19:20:00', 'car', 'veh_7b87', '79.00'),
(339, '2019-08-23 19:20:07', 'truck', 'veh_5a76', '51.00'),
(340, '2019-08-23 19:20:10', 'car', 'veh_ef40', '97.00'),
(341, '2019-08-23 19:20:12', 'car', 'veh_b35c', '77.00'),
(342, '2019-08-23 19:20:17', 'truck', 'veh_701d', '54.00'),
(343, '2019-08-23 19:20:19', 'car', 'veh_1040', '97.00'),
(344, '2019-08-23 19:20:24', 'car', 'veh_c6df', '61.00'),
(345, '2019-08-23 19:20:29', 'car', 'veh_203e', '90.00'),
(346, '2019-08-23 19:20:31', 'motorcycle', 'veh_e55d', '57.00'),
(347, '2019-08-23 19:20:36', 'car', 'veh_0b54', '68.00'),
(348, '2019-08-23 19:20:39', 'car', 'veh_4314', '70.00'),
(349, '2019-08-23 19:20:43', 'car', 'veh_b89f', '94.00'),
(350, '2019-08-23 19:20:48', 'car', 'veh_7be9', '61.00'),
(351, '2019-08-23 19:21:03', 'motorcycle', 'veh_7a68', '74.00'),
(352, '2019-08-23 19:21:16', 'car', 'veh_456c', '65.00'),
(353, '2019-08-23 19:21:23', 'car', 'veh_9dcf', '72.00'),
(354, '2019-08-23 19:21:31', 'car', 'veh_461e', '60.00'),
(355, '2019-08-23 19:21:50', 'car', 'veh_447b', '71.00'),
(356, '2019-08-23 19:21:54', 'car', 'veh_6f39', '97.00'),
(357, '2019-08-23 19:21:57', 'car', 'veh_1120', '95.00'),
(358, '2019-08-23 19:22:17', 'car', 'veh_8a31', '87.00'),
(359, '2019-08-23 19:22:28', 'car', 'veh_0f4f', '98.00'),
(360, '2019-08-23 19:22:34', 'motorcycle', 'veh_7082', '53.00'),
(361, '2019-08-23 19:22:49', 'car', 'veh_2f3d', '99.00'),
(362, '2019-08-23 19:23:01', 'car', 'veh_2c4f', '68.00'),
(363, '2019-08-23 19:23:30', 'car', 'veh_e620', '74.00'),
(364, '2019-08-23 19:23:32', 'car', 'veh_23c7', '74.00'),
(365, '2019-08-23 19:23:52', 'car', 'veh_dbbe', '60.00'),
(366, '2019-08-23 19:24:04', 'car', 'veh_c9a1', '51.00'),
(367, '2019-08-23 19:24:26', 'car', 'veh_692b', '80.00'),
(368, '2019-08-23 19:24:31', 'car', 'veh_3097', '58.00'),
(369, '2019-08-23 19:24:34', 'car', 'veh_ac75', '81.00'),
(370, '2019-08-23 19:24:40', 'car', 'veh_0d32', '98.00'),
(371, '2019-08-23 19:24:44', 'car', 'veh_b1e5', '92.00'),
(372, '2019-08-23 19:24:48', 'car', 'veh_4a85', '97.00'),
(373, '2019-08-23 19:24:56', 'car', 'veh_26a1', '51.00'),
(374, '2019-08-23 19:24:59', 'car', 'veh_730c', '93.00'),
(375, '2019-08-23 19:25:04', 'motorcycle', 'veh_4892', '83.00'),
(376, '2019-08-23 19:25:12', 'car', 'veh_4340', '74.00'),
(377, '2019-08-23 19:25:19', 'car', 'veh_1f02', '73.00'),
(378, '2019-08-23 19:25:34', 'car', 'veh_7c16', '74.00'),
(379, '2019-08-23 19:25:58', 'car', 'veh_3211', '77.00'),
(380, '2019-08-23 19:26:21', 'car', 'veh_f904', '90.00'),
(381, '2019-08-23 19:26:29', 'car', 'veh_e7b0', '91.00'),
(382, '2019-08-23 19:26:40', 'car', 'veh_fb72', '64.00'),
(383, '2019-08-23 19:26:45', 'car', 'veh_d42a', '95.00'),
(384, '2019-08-23 19:26:47', 'motorcycle', 'veh_d712', '79.00'),
(385, '2019-08-23 19:26:50', 'car', 'veh_b390', '91.00'),
(386, '2019-08-23 19:26:54', 'motorcycle', 'veh_efa8', '57.00'),
(387, '2019-08-23 19:26:58', 'car', 'veh_245f', '89.00'),
(388, '2019-08-23 19:27:02', 'car', 'veh_c34b', '57.00'),
(389, '2019-08-23 19:27:05', 'car', 'veh_a758', '88.00'),
(390, '2019-08-23 19:27:09', 'car', 'veh_c4ec', '90.00'),
(391, '2019-08-23 19:27:11', 'car', 'veh_30cd', '60.00'),
(392, '2019-08-23 19:27:14', 'motorcycle', 'veh_1c32', '59.00'),
(393, '2019-08-23 19:27:19', 'motorcycle', 'veh_1b2f', '77.00'),
(394, '2019-08-23 19:27:22', 'car', 'veh_b529', '96.00'),
(395, '2019-08-23 19:27:28', 'car', 'veh_1cb2', '97.00'),
(396, '2019-08-23 19:27:34', 'car', 'veh_ec08', '99.00'),
(397, '2019-08-23 19:27:37', 'motorcycle', 'veh_8a35', '56.00'),
(398, '2019-08-23 19:27:39', 'motorcycle', 'veh_4264', '66.00'),
(399, '2019-08-23 19:27:42', 'car', 'veh_ba3c', '96.00'),
(400, '2019-08-23 19:27:47', 'motorcycle', 'veh_ecb5', '51.00'),
(401, '2019-08-23 19:27:55', 'car', 'veh_7677', '65.00'),
(402, '2019-08-23 19:27:59', 'motorcycle', 'veh_2256', '81.00'),
(403, '2019-08-23 19:28:02', 'car', 'veh_6ff1', '93.00'),
(404, '2019-08-23 19:28:07', 'car', 'veh_5ab1', '94.00'),
(405, '2019-08-23 19:28:10', 'car', 'veh_ea30', '93.00'),
(406, '2019-08-23 19:28:17', 'motorcycle', 'veh_467f', '77.00'),
(407, '2019-08-23 19:28:21', 'car', 'veh_e682', '84.00'),
(408, '2019-08-23 19:28:25', 'motorcycle', 'veh_194c', '69.00'),
(409, '2019-08-23 19:28:28', 'motorcycle', 'veh_fce1', '60.00'),
(410, '2019-08-23 19:28:30', 'car', 'veh_1a1f', '88.00'),
(411, '2019-08-23 19:28:38', 'car', 'veh_dfa2', '84.00'),
(412, '2019-08-23 19:28:43', 'car', 'veh_2357', '80.00'),
(413, '2019-08-23 19:28:46', 'bus', 'veh_eb4a', '69.00'),
(414, '2019-08-23 19:28:48', 'car', 'veh_a2c3', '98.00'),
(415, '2019-08-23 19:28:53', 'car', 'veh_3618', '83.00'),
(416, '2019-08-23 19:28:57', 'car', 'veh_b4a2', '95.00'),
(417, '2019-08-23 19:28:59', 'car', 'veh_569c', '50.00'),
(418, '2019-08-23 19:29:05', 'motorcycle', 'veh_e8e2', '73.00'),
(419, '2019-08-23 19:29:08', 'car', 'veh_8db4', '62.00'),
(420, '2019-08-23 19:29:11', 'car', 'veh_a177', '98.00'),
(421, '2019-08-23 19:29:14', 'motorcycle', 'veh_2bd9', '69.00'),
(422, '2019-08-23 19:29:17', 'motorcycle', 'veh_0366', '52.00'),
(423, '2019-08-23 19:29:25', 'car', 'veh_3f62', '93.00'),
(424, '2019-08-23 19:29:27', 'car', 'veh_33ab', '93.00'),
(425, '2019-08-23 19:29:30', 'car', 'veh_3032', '67.00'),
(426, '2019-08-23 19:29:35', 'car', 'veh_4fd4', '98.00'),
(427, '2019-08-23 19:29:39', 'car', 'veh_341a', '73.00'),
(428, '2019-08-23 19:29:47', 'car', 'veh_f499', '92.00'),
(429, '2019-08-23 19:29:56', 'car', 'veh_ab64', '52.00'),
(430, '2019-08-23 19:29:59', 'bicycle', 'veh_ae6a', '58.00'),
(431, '2019-08-23 19:30:03', 'car', 'veh_40bf', '62.00'),
(432, '2019-08-23 19:30:09', 'car', 'veh_7a5a', '96.00'),
(433, '2019-08-23 19:30:25', 'motorcycle', 'veh_6f80', '86.00'),
(434, '2019-08-23 19:30:30', 'car', 'veh_4cb8', '96.00'),
(435, '2019-08-23 19:31:34', 'motorcycle', 'veh_0ea9', '57.00'),
(436, '2019-08-23 19:31:41', 'car', 'veh_a115', '69.00'),
(437, '2019-08-23 19:31:48', 'car', 'veh_da8e', '51.00'),
(438, '2019-08-23 19:32:07', 'car', 'veh_e8b5', '88.00');

-- --------------------------------------------------------

--
-- Table structure for table `detection`
--

CREATE TABLE `detection` (
  `id` int(11) NOT NULL,
  `date` varchar(150) DEFAULT NULL,
  `object` varchar(500) DEFAULT NULL,
  `count` int(15) DEFAULT NULL
) ENGINE=MyISAM DEFAULT CHARSET=latin1;

-- --------------------------------------------------------

--
-- Table structure for table `feedback`
--

CREATE TABLE `feedback` (
  `feedback_id` int(11) NOT NULL,
  `rating` int(11) NOT NULL,
  `user_feedback` text NOT NULL,
  `user_comment` text NOT NULL,
  `user_mobileno` varchar(11) NOT NULL,
  `user_emailid` varchar(30) NOT NULL,
  `is_deleted` int(3) NOT NULL,
  `is_active` int(3) NOT NULL,
  `created_by` int(11) NOT NULL,
  `created_on` datetime NOT NULL DEFAULT CURRENT_TIMESTAMP
) ENGINE=InnoDB DEFAULT CHARSET=utf8;

--
-- Dumping data for table `feedback`
--

INSERT INTO `feedback` (`feedback_id`, `rating`, `user_feedback`, `user_comment`, `user_mobileno`, `user_emailid`, `is_deleted`, `is_active`, `created_by`, `created_on`) VALUES
(1, 10, '60', '', '', '', 0, 0, 3, '2019-10-18 04:49:13'),
(2, 10, '58,61,62', '', '', '', 0, 0, 3, '2019-10-18 04:50:05'),
(3, 8, '46,48', '', '', '', 0, 0, 3, '2019-10-18 05:05:39');

-- --------------------------------------------------------

--
-- Table structure for table `feedback_config`
--

CREATE TABLE `feedback_config` (
  `feedback_config_id` int(11) NOT NULL,
  `config_type` varchar(30) NOT NULL,
  `config_value` text NOT NULL,
  `is_active` tinyint(3) NOT NULL,
  `is_delete` tinyint(3) NOT NULL,
  `created_by` int(11) NOT NULL,
  `created_on` datetime NOT NULL DEFAULT CURRENT_TIMESTAMP,
  `modify_by` int(11) NOT NULL,
  `modify_on` datetime NOT NULL DEFAULT CURRENT_TIMESTAMP
) ENGINE=InnoDB DEFAULT CHARSET=utf8;

--
-- Dumping data for table `feedback_config`
--

INSERT INTO `feedback_config` (`feedback_config_id`, `config_type`, `config_value`, `is_active`, `is_delete`, `created_by`, `created_on`, `modify_by`, `modify_on`) VALUES
(1, 'image', 'excellent.png,good.png,poor.png,very_good.png,very_poor.png', 0, 0, 2, '2019-09-25 13:09:01', 0, '2019-09-25 13:09:01'),
(4, 'image', 'excellent.png,good.png,poor.png,very_good.png,very_poor.png', 0, 0, 1, '2019-09-25 13:37:19', 0, '2019-09-25 13:37:19'),
(5, 'image', 'excellent.png,good.png,poor.png,very_good.png,very_poor.png', 0, 0, 3, '2019-09-25 13:37:19', 0, '2019-09-25 13:37:19');

-- --------------------------------------------------------

--
-- Table structure for table `feedback_questions`
--

CREATE TABLE `feedback_questions` (
  `feedback_questions_id` int(11) NOT NULL,
  `string_key_id` int(11) NOT NULL,
  `feedback_type_id` int(11) NOT NULL,
  `feedback_questions` varchar(30) NOT NULL,
  `lang` varchar(8) NOT NULL,
  `is_active` tinyint(3) NOT NULL,
  `id_deleted` tinyint(3) NOT NULL,
  `created_by` int(11) NOT NULL,
  `created_on` datetime NOT NULL DEFAULT CURRENT_TIMESTAMP,
  `modify_by` int(11) NOT NULL,
  `modify_on` datetime NOT NULL DEFAULT CURRENT_TIMESTAMP
) ENGINE=InnoDB DEFAULT CHARSET=utf8;

--
-- Dumping data for table `feedback_questions`
--

INSERT INTO `feedback_questions` (`feedback_questions_id`, `string_key_id`, `feedback_type_id`, `feedback_questions`, `lang`, `is_active`, `id_deleted`, `created_by`, `created_on`, `modify_by`, `modify_on`) VALUES
(3, 3, 1, 'Technologies', 'en', 0, 0, 1, '2019-12-06 15:50:22', 0, '2019-12-06 15:50:22'),
(10, 1, 5, 'ewdweew', 'en', 0, 0, 1, '2019-12-06 16:22:39', 0, '2019-12-06 16:22:39'),
(11, 2, 5, 'dew', 'en', 0, 0, 1, '2019-12-06 16:22:39', 0, '2019-12-06 16:22:39'),
(12, 8, 5, 'ew', 'en', 0, 0, 1, '2019-12-06 16:22:39', 0, '2019-12-06 16:22:39'),
(13, 4, 1, 'test123', 'en', 0, 0, 1, '2019-12-06 18:17:52', 0, '2019-12-06 18:17:52'),
(14, 5, 1, 'test124', 'en', 0, 0, 1, '2019-12-06 18:17:52', 0, '2019-12-06 18:17:52'),
(15, 6, 1, 'aaa', 'en', 0, 0, 1, '2019-12-06 18:54:54', 0, '2019-12-06 18:54:54'),
(16, 7, 1, 'bbb', 'en', 0, 0, 1, '2019-12-06 18:54:54', 0, '2019-12-06 18:54:54'),
(56, 3, 0, 'اختبار', 'ar', 0, 0, 1, '2019-12-13 16:52:22', 0, '2019-12-13 16:52:22'),
(57, 3, 0, '测试', 'ch', 0, 0, 1, '2019-12-13 16:52:22', 0, '2019-12-13 16:52:22'),
(58, 3, 0, 'परीक्षा', 'hi', 0, 0, 1, '2019-12-13 16:52:22', 0, '2019-12-13 16:52:22'),
(59, 1, 0, 'جيد', 'ar', 0, 0, 1, '2019-12-14 11:43:12', 0, '2019-12-14 11:43:12'),
(60, 1, 0, 'ddd', 'ch', 0, 0, 1, '2019-12-14 11:43:12', 0, '2019-12-14 11:43:12'),
(61, 1, 0, 'fff', 'hi', 0, 0, 1, '2019-12-14 11:43:12', 0, '2019-12-14 11:43:12'),
(62, 3, 0, 'தொழில்நுட்ப', 'tm', 0, 0, 1, '2019-12-14 14:28:31', 0, '2019-12-14 14:28:31'),
(63, 1, 0, 'aaa', 'tm', 0, 0, 1, '2019-12-14 14:36:16', 0, '2019-12-14 14:36:16'),
(64, 2, 0, 'aaa', 'tm', 0, 0, 1, '2019-12-14 14:53:42', 0, '2019-12-14 14:53:42'),
(65, 2, 0, 'bb', 'ch', 0, 0, 1, '2019-12-14 14:53:42', 0, '2019-12-14 14:53:42'),
(66, 2, 0, 'cc', 'hi', 0, 0, 1, '2019-12-14 14:53:42', 0, '2019-12-14 14:53:42');

-- --------------------------------------------------------

--
-- Table structure for table `feedback_string`
--

CREATE TABLE `feedback_string` (
  `string_id` int(11) NOT NULL,
  `string_name` varchar(50) NOT NULL,
  `string_key_id` int(11) DEFAULT NULL,
  `lang` varchar(10) NOT NULL,
  `is_active` tinyint(3) DEFAULT NULL,
  `is_deleted` tinyint(3) DEFAULT NULL,
  `delete_msg` varchar(100) DEFAULT NULL,
  `created_on` datetime NOT NULL DEFAULT CURRENT_TIMESTAMP,
  `created_by` int(11) DEFAULT NULL,
  `modify_by` int(11) DEFAULT NULL,
  `modify_on` datetime NOT NULL DEFAULT '0000-00-00 00:00:00' ON UPDATE CURRENT_TIMESTAMP
) ENGINE=InnoDB DEFAULT CHARSET=utf8;

--
-- Dumping data for table `feedback_string`
--

INSERT INTO `feedback_string` (`string_id`, `string_name`, `string_key_id`, `lang`, `is_active`, `is_deleted`, `delete_msg`, `created_on`, `created_by`, `modify_by`, `modify_on`) VALUES
(12, 'test123', 1, 'en', 1, 0, NULL, '2019-12-14 14:25:03', 1, NULL, '2019-12-14 14:25:23');

-- --------------------------------------------------------

--
-- Table structure for table `feedback_type`
--

CREATE TABLE `feedback_type` (
  `feedback_type_id` int(11) NOT NULL,
  `string_key_id` int(11) NOT NULL,
  `feedback_type_name` varchar(50) NOT NULL,
  `lang` varchar(8) NOT NULL,
  `feedback_type_image` varchar(30) NOT NULL,
  `feedback_type_header` varchar(100) DEFAULT NULL,
  `sort` int(11) NOT NULL,
  `is_deleted` tinyint(3) NOT NULL,
  `is_active` tinyint(3) NOT NULL,
  `created_by` int(11) NOT NULL,
  `created_on` datetime NOT NULL DEFAULT CURRENT_TIMESTAMP,
  `modify_by` int(11) NOT NULL,
  `modify_on` datetime NOT NULL DEFAULT CURRENT_TIMESTAMP
) ENGINE=InnoDB DEFAULT CHARSET=utf8;

--
-- Dumping data for table `feedback_type`
--

INSERT INTO `feedback_type` (`feedback_type_id`, `string_key_id`, `feedback_type_name`, `lang`, `feedback_type_image`, `feedback_type_header`, `sort`, `is_deleted`, `is_active`, `created_by`, `created_on`, `modify_by`, `modify_on`) VALUES
(1, 1, 'Good', 'en', 'excellent.png', '3', 0, 0, 0, 1, '2019-12-06 15:50:22', 1, '2019-12-06 15:50:22'),
(2, 2, 'Bad', 'en', 'very_poor.png', '2', 0, 0, 0, 1, '2019-12-06 15:51:32', 0, '2019-12-06 15:51:32'),
(5, 3, 'edsx', 'en', 'excellent.png', '1', 0, 0, 0, 1, '2019-12-06 16:22:39', 0, '2019-12-06 16:22:39'),
(27, 1, 'நல்ல', 'tm', '', NULL, 0, 0, 0, 1, '2019-12-14 14:38:27', 0, '2019-12-14 14:38:27'),
(28, 1, '好', 'ch', '', NULL, 0, 0, 0, 1, '2019-12-14 14:38:27', 0, '2019-12-14 14:38:27'),
(29, 1, 'अच्छा', 'hi', '', NULL, 0, 0, 0, 1, '2019-12-14 14:38:27', 0, '2019-12-14 14:38:27'),
(30, 2, 'dsc', 'tm', '', NULL, 0, 0, 0, 1, '2019-12-14 14:40:43', 0, '2019-12-14 14:40:43'),
(31, 2, 'edc', 'ch', '', NULL, 0, 0, 0, 1, '2019-12-14 14:40:43', 0, '2019-12-14 14:40:43'),
(32, 2, 'edccdd', 'hi', '', NULL, 0, 0, 0, 1, '2019-12-14 14:40:43', 0, '2019-12-14 14:40:43');

-- --------------------------------------------------------

--
-- Table structure for table `licence_mapping`
--

CREATE TABLE `licence_mapping` (
  `mapping_id` int(11) NOT NULL,
  `licence_id` int(11) NOT NULL,
  `sub_user_id` int(11) NOT NULL,
  `module` varchar(30) DEFAULT NULL,
  `is_active` tinyint(3) NOT NULL,
  `is_deleted` tinyint(3) NOT NULL,
  `created_on` datetime NOT NULL DEFAULT CURRENT_TIMESTAMP,
  `created_by` int(11) NOT NULL,
  `modify_by` int(11) DEFAULT NULL,
  `modify_on` datetime NOT NULL DEFAULT '0000-00-00 00:00:00' ON UPDATE CURRENT_TIMESTAMP
) ENGINE=InnoDB DEFAULT CHARSET=utf8;

--
-- Dumping data for table `licence_mapping`
--

INSERT INTO `licence_mapping` (`mapping_id`, `licence_id`, `sub_user_id`, `module`, `is_active`, `is_deleted`, `created_on`, `created_by`, `modify_by`, `modify_on`) VALUES
(1, 1, 1, 'token', 0, 0, '2019-10-24 19:22:47', 0, NULL, '2019-12-02 14:26:43'),
(2, 16, 1, 'common', 0, 0, '2019-10-24 19:22:49', 0, NULL, '2019-12-02 14:27:02'),
(3, 6, 1, 'common', 0, 0, '2019-10-24 19:22:49', 0, NULL, '2019-12-02 14:27:02');

-- --------------------------------------------------------

--
-- Table structure for table `licence_register`
--

CREATE TABLE `licence_register` (
  `licence_id` int(11) NOT NULL,
  `licence_code` varchar(11) NOT NULL,
  `unique_id` varchar(30) NOT NULL,
  `is_active` tinyint(3) NOT NULL,
  `is_deleted` tinyint(3) NOT NULL,
  `created_on` datetime NOT NULL DEFAULT CURRENT_TIMESTAMP,
  `created_by` int(11) NOT NULL,
  `modify_on` int(11) NOT NULL,
  `modify_by` datetime NOT NULL DEFAULT '0000-00-00 00:00:00' ON UPDATE CURRENT_TIMESTAMP
) ENGINE=InnoDB DEFAULT CHARSET=utf8;

--
-- Dumping data for table `licence_register`
--

INSERT INTO `licence_register` (`licence_id`, `licence_code`, `unique_id`, `is_active`, `is_deleted`, `created_on`, `created_by`, `modify_on`, `modify_by`) VALUES
(1, 'abcdefgh', 'wewwewew', 0, 0, '2019-11-27 14:23:34', 0, 0, '0000-00-00 00:00:00'),
(2, 'abcdefgh', 'rrrrr', 0, 0, '2019-11-27 14:23:58', 0, 0, '0000-00-00 00:00:00'),
(3, 'abcdefgh', 'rreewdwerrr', 0, 0, '2019-11-27 14:24:04', 0, 0, '0000-00-00 00:00:00'),
(4, 'abcdefgh', 'fcdsdds', 0, 0, '2019-11-27 14:24:10', 0, 0, '0000-00-00 00:00:00'),
(5, 'abcdefgh', 'fcwersfdc', 0, 0, '2019-11-27 14:24:17', 0, 0, '0000-00-00 00:00:00'),
(6, 'abcdefgh', 'abc2398298yhh', 0, 0, '2019-12-02 13:19:25', 0, 0, '0000-00-00 00:00:00');

-- --------------------------------------------------------

--
-- Table structure for table `multilingual_config`
--

CREATE TABLE `multilingual_config` (
  `multilingual_config_id` int(11) NOT NULL,
  `config_key` text NOT NULL,
  `config_value` text NOT NULL,
  `is_active` tinyint(3) NOT NULL,
  `is_deleted` tinyint(3) NOT NULL,
  `created_by` int(11) NOT NULL,
  `created_on` datetime NOT NULL DEFAULT CURRENT_TIMESTAMP,
  `modify_by` int(11) DEFAULT NULL,
  `modify_on` datetime NOT NULL DEFAULT CURRENT_TIMESTAMP
) ENGINE=InnoDB DEFAULT CHARSET=utf8;

--
-- Dumping data for table `multilingual_config`
--

INSERT INTO `multilingual_config` (`multilingual_config_id`, `config_key`, `config_value`, `is_active`, `is_deleted`, `created_by`, `created_on`, `modify_by`, `modify_on`) VALUES
(1, 'allmodule', '{\r\n  \"feedback\": {\r\n    \"feedback_questions\": [\r\n      \r\n      \"feedback_questions\",\r\n      \"feedback_questions_id\",\r\n      \"lang\",\r\n      \"string_key_id\"\r\n    ],\r\n    \"feedback_type\": [\r\n      \r\n      \"feedback_type_name\",\r\n      \"feedback_type_id\",\r\n      \"lang\",\r\n      \"string_key_id\"\r\n    ]\r\n  },\r\n  \"Album\": {\r\n    \"album_detail\": [\r\n      \r\n      \"album_name\",\r\n\"album_id\",      \r\n\"lang\",\r\n      \"string_key_id\"\r\n    ]\r\n  }\r\n}', 1, 0, 1, '2019-09-25 17:45:26', 0, '2019-09-25 17:45:26'),
(2, 'allmodule', '{\r\n  \"feedback\": {\r\n    \"feedback_questions\": [\r\n      \r\n      \"feedback_questions\",\r\n      \"feedback_questions_id\",\r\n      \"lang\",\r\n      \"string_key_id\"\r\n    ],\r\n    \"feedback_type\": [\r\n      \r\n      \"feedback_type_name\",\r\n      \"feedback_type_id\",\r\n      \"lang\",\r\n      \"string_key_id\"\r\n    ],\r\n    \"feedback_string\":[     \r\n      \r\n      \"string_name\",    \r\n      \"string_id\",\r\n      \"lang\",\r\n      \"string_key_id\"\r\n   ]\r\n  },\r\n  \"Album\": {\r\n    \"album_detail\": [\r\n      \r\n      \"album_name\",\r\n\"album_id\",      \r\n\"lang\",\r\n      \"string_key_id\"\r\n    ]\r\n  }\r\n}', 1, 0, 2, '2019-09-25 17:46:03', 0, '2019-09-25 17:46:03'),
(3, 'active_language', '{\r\n\"tm\":\"Tamil\",\r\n\"ch\":\"Chinese\",\r\n\"hi\":\"Hindi\"\r\n}', 0, 0, 1, '2019-12-04 11:03:39', NULL, '2019-12-04 11:03:39');

-- --------------------------------------------------------

--
-- Table structure for table `third_party_config`
--

CREATE TABLE `third_party_config` (
  `third_party_config_id` int(11) NOT NULL,
  `logo` varchar(30) NOT NULL,
  `bg_image` varchar(30) NOT NULL,
  `company_name` varchar(30) NOT NULL,
  `header_text` varchar(100) DEFAULT NULL,
  `sub_header_text` varchar(100) DEFAULT NULL,
  `icon` varchar(50) NOT NULL,
  `module` varchar(30) DEFAULT NULL,
  `created_by` int(11) NOT NULL,
  `created_on` datetime NOT NULL DEFAULT CURRENT_TIMESTAMP,
  `modify_by` int(11) DEFAULT NULL,
  `modify_on` datetime NOT NULL
) ENGINE=InnoDB DEFAULT CHARSET=utf8;

--
-- Dumping data for table `third_party_config`
--

INSERT INTO `third_party_config` (`third_party_config_id`, `logo`, `bg_image`, `company_name`, `header_text`, `sub_header_text`, `icon`, `module`, `created_by`, `created_on`, `modify_by`, `modify_on`) VALUES
(1, 'Screenshot_(7).png', '', 'displayfort.com', 'Good Morning1d2', 'one line commentd12', 'Screenshot_(7).png', 'feedback', 1, '2019-10-12 19:29:29', 1, '0000-00-00 00:00:00'),
(999, 'Screenshot_(7).png', '', 'displayfort.com', 'Good Morning1d', 'one line commentd1', 'Screenshot_(7).png', 'token', 100, '2019-10-12 19:29:29', 1, '0000-00-00 00:00:00');

-- --------------------------------------------------------

--
-- Table structure for table `token_config`
--

CREATE TABLE `token_config` (
  `config_id` int(11) NOT NULL,
  `config_type` varchar(30) NOT NULL,
  `config_value` varchar(50) NOT NULL,
  `is_active` tinyint(3) NOT NULL,
  `created_by` int(11) NOT NULL
) ENGINE=InnoDB DEFAULT CHARSET=utf8;

--
-- Dumping data for table `token_config`
--

INSERT INTO `token_config` (`config_id`, `config_type`, `config_value`, `is_active`, `created_by`) VALUES
(1, 'image', 'Digitel_Signage-3.jpg', 0, 0),
(2, 'video', '4khd.mp4', 1, 0),
(3, 'licence_max_limit', '12', 1, 0),
(4, 'licence_code', 'abcdefgh', 1, 1);

-- --------------------------------------------------------

--
-- Table structure for table `token_counter`
--

CREATE TABLE `token_counter` (
  `counter_id` int(11) NOT NULL,
  `counter_name` varchar(30) NOT NULL,
  `is_active` tinyint(3) NOT NULL,
  `is_delete` tinyint(3) NOT NULL,
  `delete_msg` varchar(100) NOT NULL,
  `created_by` tinyint(3) NOT NULL,
  `created_on` datetime NOT NULL DEFAULT CURRENT_TIMESTAMP,
  `modify_on` tinyint(3) NOT NULL,
  `modify_by` datetime NOT NULL DEFAULT CURRENT_TIMESTAMP
) ENGINE=InnoDB DEFAULT CHARSET=utf8;

--
-- Dumping data for table `token_counter`
--

INSERT INTO `token_counter` (`counter_id`, `counter_name`, `is_active`, `is_delete`, `delete_msg`, `created_by`, `created_on`, `modify_on`, `modify_by`) VALUES
(4, 'test1', 1, 0, '', 0, '2019-07-15 14:25:33', 0, '2019-07-15 14:25:33'),
(5, 'Wing-00', 1, 0, '', 0, '2019-07-15 14:35:34', 0, '2019-07-15 14:35:34'),
(6, 'WIng-04', 1, 0, '', 0, '2019-08-22 14:42:45', 0, '2019-08-22 14:42:45'),
(7, 'Wing-05', 1, 0, '', 0, '2019-11-06 13:54:20', 0, '2019-11-06 13:54:20');

-- --------------------------------------------------------

--
-- Table structure for table `token_detail`
--

CREATE TABLE `token_detail` (
  `token_id` int(11) NOT NULL,
  `token_display_name` varchar(15) NOT NULL,
  `subcounter_id` int(11) NOT NULL,
  `is_active` tinyint(3) NOT NULL COMMENT '1=initial 2=running 3=skip 4=done',
  `is_delete` tinyint(3) NOT NULL,
  `delete_msg` varchar(100) DEFAULT NULL,
  `created_by` int(11) NOT NULL,
  `created_on` datetime NOT NULL DEFAULT CURRENT_TIMESTAMP,
  `modify_by` int(11) NOT NULL,
  `modify_on` datetime NOT NULL DEFAULT CURRENT_TIMESTAMP ON UPDATE CURRENT_TIMESTAMP
) ENGINE=InnoDB DEFAULT CHARSET=utf8;

--
-- Dumping data for table `token_detail`
--

INSERT INTO `token_detail` (`token_id`, `token_display_name`, `subcounter_id`, `is_active`, `is_delete`, `delete_msg`, `created_by`, `created_on`, `modify_by`, `modify_on`) VALUES
(1, '1', 13, 1, 0, NULL, 0, '2019-12-09 12:51:33', 0, '2019-12-09 12:51:33'),
(2, '2', 13, 1, 0, NULL, 0, '2019-12-09 12:52:02', 0, '2019-12-09 12:52:02');

-- --------------------------------------------------------

--
-- Table structure for table `token_subcounter`
--

CREATE TABLE `token_subcounter` (
  `subcounter_id` int(11) NOT NULL,
  `subcounter_name` varchar(50) NOT NULL,
  `room_no` varchar(30) NOT NULL,
  `counter_id` int(11) NOT NULL,
  `is_active` tinyint(3) NOT NULL,
  `is_delete` tinyint(3) NOT NULL,
  `delete_msg` varchar(100) NOT NULL,
  `created_by` int(11) NOT NULL,
  `crated_on` datetime NOT NULL DEFAULT CURRENT_TIMESTAMP,
  `modify_by` int(11) NOT NULL,
  `modify_on` datetime NOT NULL DEFAULT CURRENT_TIMESTAMP
) ENGINE=InnoDB DEFAULT CHARSET=utf8;

--
-- Dumping data for table `token_subcounter`
--

INSERT INTO `token_subcounter` (`subcounter_id`, `subcounter_name`, `room_no`, `counter_id`, `is_active`, `is_delete`, `delete_msg`, `created_by`, `crated_on`, `modify_by`, `modify_on`) VALUES
(13, 'DR.RAJ', '103', 7, 1, 0, '', 1, '2019-07-16 10:54:38', 0, '2019-07-16 10:54:38'),
(15, 'Dr.Tiwari', '105', 7, 0, 0, '', 0, '2019-11-06 13:54:41', 0, '2019-11-06 13:54:41'),
(16, 'Dr. Test', '106', 7, 1, 0, '', 0, '2019-11-09 14:03:54', 0, '2019-11-09 14:03:54'),
(17, 'Dr. Pandey', '110', 7, 1, 0, '', 0, '2019-11-09 14:10:32', 0, '2019-11-09 14:10:32'),
(18, 'DR.PAL', '121', 7, 1, 0, '', 0, '2019-11-09 15:00:46', 0, '2019-11-09 15:00:46'),
(19, 'ssss', '201', 7, 1, 0, '', 0, '2019-11-13 12:34:06', 0, '2019-11-13 12:34:06'),
(20, 'Dr. Bhatiya', '111', 6, 1, 0, '', 0, '2019-11-13 13:16:39', 0, '2019-11-13 13:16:39'),
(22, 'aaa ddd', '125', 7, 1, 0, '', 0, '2019-11-13 13:19:03', 0, '2019-11-13 13:19:03'),
(23, 'tttt', '502', 7, 1, 0, '', 0, '2019-11-13 13:20:10', 0, '2019-11-13 13:20:10'),
(24, 'dfc', '', 7, 1, 0, '', 0, '2019-11-13 13:26:27', 0, '2019-11-13 13:26:27'),
(25, 'subcounter10', '105', 7, 1, 0, '', 0, '2019-11-20 12:16:36', 0, '2019-11-20 12:16:36'),
(26, 'subcounter11', '', 7, 1, 0, '', 0, '2019-11-20 12:16:45', 0, '2019-11-20 12:16:45'),
(27, 'subcounter12', '126', 7, 1, 0, '', 0, '2019-11-20 12:16:55', 0, '2019-11-20 12:16:55'),
(28, 'subcounter13', '103', 7, 1, 0, '', 0, '2019-11-20 12:17:09', 0, '2019-11-20 12:17:09'),
(29, 'subcounter14', '', 7, 1, 0, '', 0, '2019-11-20 12:17:19', 0, '2019-11-20 12:17:19'),
(30, 'efdcxsddsdsd123 efdcxsddsdsd', '110', 7, 1, 0, '', 0, '2019-11-20 18:15:20', 0, '2019-11-20 18:15:20'),
(31, 'aaaaabb', '500', 7, 1, 0, '', 0, '2019-11-23 17:24:51', 0, '2019-11-23 17:24:51');

-- --------------------------------------------------------

--
-- Table structure for table `user_access`
--

CREATE TABLE `user_access` (
  `access_id` int(11) NOT NULL,
  `user_id` int(11) NOT NULL,
  `module` varchar(50) NOT NULL,
  `access` text NOT NULL,
  `is_active` tinyint(3) NOT NULL,
  `is_delete` tinyint(3) NOT NULL
) ENGINE=InnoDB DEFAULT CHARSET=utf8;

--
-- Dumping data for table `user_access`
--

INSERT INTO `user_access` (`access_id`, `user_id`, `module`, `access`, `is_active`, `is_delete`) VALUES
(1, 4, 'token', '{\"Token Detail\":\"token/allToken\"}', 1, 0),
(2, 2, 'report', '{\"vehicle Report\":\"report/vehicleReport\",\"Export Data\":\"report/export\"}', 1, 0),
(3, 1, 'token', '{\"Generate Token\":\"token/allToken\",\"Token Screen\":\"token/serveToken\",\"Subcounter\":\"token/allSubCounter\",\"counter\":\"token/allCounter\"}', 1, 0),
(5, 1, 'feedback', '{\"Feedback\":\"feedback/\",\"Manage Feedback\":\"feedback/allFeedbackType\"}', 1, 0),
(6, 2, 'feedback', '{\"Feedback\":\"feedback/\",\"Manage Feedback\":\"feedback/allFeedbackType\"}', 1, 0),
(7, 1, 'Multilingual', '{\"Multilingual\":\"multilingual/\"}', 1, 0),
(8, 2, 'Multilingual', '{\"Multilingual\":\"multilingual/\"}', 1, 0),
(9, 3, 'feedback', '{\"Feedback\":\"feedback/\",\"Manage Feedback\":\"feedback/allFeedbackType\"}', 1, 0);

-- --------------------------------------------------------

--
-- Stand-in structure for view `v_feedback`
-- (See below for the actual view)
--
CREATE TABLE `v_feedback` (
`rating` varchar(50)
,`date` datetime
,`user_comment` text
,`user_mobileno` varchar(11)
,`created_by` int(11)
,`user_emailid` varchar(30)
,`feedback_type_image` varchar(30)
,`feedback_id` int(11)
,`user_feedback` text
,`feedback_question_name` text
);

-- --------------------------------------------------------

--
-- Structure for view `v_feedback`
--
DROP TABLE IF EXISTS `v_feedback`;

CREATE ALGORITHM=UNDEFINED DEFINER=`root`@`localhost` SQL SECURITY DEFINER VIEW `v_feedback`  AS  select `ft`.`feedback_type_name` AS `rating`,`f`.`created_on` AS `date`,`f`.`user_comment` AS `user_comment`,`f`.`user_mobileno` AS `user_mobileno`,`f`.`created_by` AS `created_by`,`f`.`user_emailid` AS `user_emailid`,`ft`.`feedback_type_image` AS `feedback_type_image`,`f`.`feedback_id` AS `feedback_id`,`f`.`user_feedback` AS `user_feedback`,group_concat(`fq`.`feedback_questions` separator ',') AS `feedback_question_name` from ((`feedback` `f` left join `feedback_type` `ft` on((`ft`.`feedback_type_id` = `f`.`rating`))) join `feedback_questions` `fq` on(find_in_set(`fq`.`feedback_questions_id`,`f`.`user_feedback`))) group by `f`.`feedback_id` ;

--
-- Indexes for dumped tables
--

--
-- Indexes for table `album_asset`
--
ALTER TABLE `album_asset`
  ADD PRIMARY KEY (`asset_id`);

--
-- Indexes for table `album_detail`
--
ALTER TABLE `album_detail`
  ADD PRIMARY KEY (`album_id`);

--
-- Indexes for table `auth_token`
--
ALTER TABLE `auth_token`
  ADD PRIMARY KEY (`token_id`);

--
-- Indexes for table `auth_user`
--
ALTER TABLE `auth_user`
  ADD PRIMARY KEY (`user_id`);

--
-- Indexes for table `countobject`
--
ALTER TABLE `countobject`
  ADD PRIMARY KEY (`id`);

--
-- Indexes for table `detection`
--
ALTER TABLE `detection`
  ADD PRIMARY KEY (`id`);

--
-- Indexes for table `feedback_config`
--
ALTER TABLE `feedback_config`
  ADD PRIMARY KEY (`feedback_config_id`);

--
-- Indexes for table `feedback_questions`
--
ALTER TABLE `feedback_questions`
  ADD PRIMARY KEY (`feedback_questions_id`);

--
-- Indexes for table `feedback_string`
--
ALTER TABLE `feedback_string`
  ADD PRIMARY KEY (`string_id`);

--
-- Indexes for table `feedback_type`
--
ALTER TABLE `feedback_type`
  ADD PRIMARY KEY (`feedback_type_id`);

--
-- Indexes for table `licence_mapping`
--
ALTER TABLE `licence_mapping`
  ADD PRIMARY KEY (`mapping_id`);

--
-- Indexes for table `licence_register`
--
ALTER TABLE `licence_register`
  ADD PRIMARY KEY (`licence_id`);

--
-- Indexes for table `multilingual_config`
--
ALTER TABLE `multilingual_config`
  ADD PRIMARY KEY (`multilingual_config_id`);

--
-- Indexes for table `third_party_config`
--
ALTER TABLE `third_party_config`
  ADD PRIMARY KEY (`third_party_config_id`);

--
-- Indexes for table `token_config`
--
ALTER TABLE `token_config`
  ADD PRIMARY KEY (`config_id`);

--
-- Indexes for table `token_counter`
--
ALTER TABLE `token_counter`
  ADD PRIMARY KEY (`counter_id`),
  ADD UNIQUE KEY `counter_id` (`counter_id`);

--
-- Indexes for table `token_detail`
--
ALTER TABLE `token_detail`
  ADD PRIMARY KEY (`token_id`);

--
-- Indexes for table `token_subcounter`
--
ALTER TABLE `token_subcounter`
  ADD PRIMARY KEY (`subcounter_id`);

--
-- Indexes for table `user_access`
--
ALTER TABLE `user_access`
  ADD PRIMARY KEY (`access_id`);

--
-- AUTO_INCREMENT for dumped tables
--

--
-- AUTO_INCREMENT for table `album_asset`
--
ALTER TABLE `album_asset`
  MODIFY `asset_id` int(11) NOT NULL AUTO_INCREMENT, AUTO_INCREMENT=3;

--
-- AUTO_INCREMENT for table `album_detail`
--
ALTER TABLE `album_detail`
  MODIFY `album_id` int(11) NOT NULL AUTO_INCREMENT, AUTO_INCREMENT=20;

--
-- AUTO_INCREMENT for table `auth_token`
--
ALTER TABLE `auth_token`
  MODIFY `token_id` int(11) NOT NULL AUTO_INCREMENT, AUTO_INCREMENT=435;

--
-- AUTO_INCREMENT for table `auth_user`
--
ALTER TABLE `auth_user`
  MODIFY `user_id` int(11) NOT NULL AUTO_INCREMENT, AUTO_INCREMENT=5;

--
-- AUTO_INCREMENT for table `countobject`
--
ALTER TABLE `countobject`
  MODIFY `id` int(11) NOT NULL AUTO_INCREMENT, AUTO_INCREMENT=439;

--
-- AUTO_INCREMENT for table `detection`
--
ALTER TABLE `detection`
  MODIFY `id` int(11) NOT NULL AUTO_INCREMENT;

--
-- AUTO_INCREMENT for table `feedback_questions`
--
ALTER TABLE `feedback_questions`
  MODIFY `feedback_questions_id` int(11) NOT NULL AUTO_INCREMENT, AUTO_INCREMENT=67;

--
-- AUTO_INCREMENT for table `feedback_string`
--
ALTER TABLE `feedback_string`
  MODIFY `string_id` int(11) NOT NULL AUTO_INCREMENT, AUTO_INCREMENT=13;

--
-- AUTO_INCREMENT for table `feedback_type`
--
ALTER TABLE `feedback_type`
  MODIFY `feedback_type_id` int(11) NOT NULL AUTO_INCREMENT, AUTO_INCREMENT=33;

--
-- AUTO_INCREMENT for table `licence_mapping`
--
ALTER TABLE `licence_mapping`
  MODIFY `mapping_id` int(11) NOT NULL AUTO_INCREMENT, AUTO_INCREMENT=4;

--
-- AUTO_INCREMENT for table `licence_register`
--
ALTER TABLE `licence_register`
  MODIFY `licence_id` int(11) NOT NULL AUTO_INCREMENT, AUTO_INCREMENT=7;

--
-- AUTO_INCREMENT for table `multilingual_config`
--
ALTER TABLE `multilingual_config`
  MODIFY `multilingual_config_id` int(11) NOT NULL AUTO_INCREMENT, AUTO_INCREMENT=4;

--
-- AUTO_INCREMENT for table `third_party_config`
--
ALTER TABLE `third_party_config`
  MODIFY `third_party_config_id` int(11) NOT NULL AUTO_INCREMENT, AUTO_INCREMENT=1000;

--
-- AUTO_INCREMENT for table `token_config`
--
ALTER TABLE `token_config`
  MODIFY `config_id` int(11) NOT NULL AUTO_INCREMENT, AUTO_INCREMENT=5;

--
-- AUTO_INCREMENT for table `token_counter`
--
ALTER TABLE `token_counter`
  MODIFY `counter_id` int(11) NOT NULL AUTO_INCREMENT, AUTO_INCREMENT=8;

--
-- AUTO_INCREMENT for table `token_detail`
--
ALTER TABLE `token_detail`
  MODIFY `token_id` int(11) NOT NULL AUTO_INCREMENT, AUTO_INCREMENT=3;

--
-- AUTO_INCREMENT for table `token_subcounter`
--
ALTER TABLE `token_subcounter`
  MODIFY `subcounter_id` int(11) NOT NULL AUTO_INCREMENT, AUTO_INCREMENT=32;

--
-- AUTO_INCREMENT for table `user_access`
--
ALTER TABLE `user_access`
  MODIFY `access_id` int(11) NOT NULL AUTO_INCREMENT, AUTO_INCREMENT=10;

DELIMITER $$
--
-- Events
--
CREATE DEFINER=`root`@`localhost` EVENT `delete_token_detail` ON SCHEDULE EVERY 1 DAY STARTS '2019-11-03 00:00:00' ENDS '2028-01-01 00:00:00' ON COMPLETION NOT PRESERVE ENABLE DO CALL truncate_table()$$

DELIMITER ;
COMMIT;

/*!40101 SET CHARACTER_SET_CLIENT=@OLD_CHARACTER_SET_CLIENT */;
/*!40101 SET CHARACTER_SET_RESULTS=@OLD_CHARACTER_SET_RESULTS */;
/*!40101 SET COLLATION_CONNECTION=@OLD_COLLATION_CONNECTION */;
