-- phpMyAdmin SQL Dump
-- version 4.9.5deb2
-- https://www.phpmyadmin.net/
--
-- Host: localhost:3306
-- Generation Time: Jul 02, 2023 at 11:44 AM
-- Server version: 10.3.38-MariaDB-0ubuntu0.20.04.1
-- PHP Version: 7.3.33-9+ubuntu20.04.1+deb.sury.org+1

SET SQL_MODE = "NO_AUTO_VALUE_ON_ZERO";
SET AUTOCOMMIT = 0;
START TRANSACTION;
SET time_zone = "+00:00";


/*!40101 SET @OLD_CHARACTER_SET_CLIENT=@@CHARACTER_SET_CLIENT */;
/*!40101 SET @OLD_CHARACTER_SET_RESULTS=@@CHARACTER_SET_RESULTS */;
/*!40101 SET @OLD_COLLATION_CONNECTION=@@COLLATION_CONNECTION */;
/*!40101 SET NAMES utf8mb4 */;

--
-- Database: `ventilia`
--

-- --------------------------------------------------------

--
-- Table structure for table `auth_token`
--

CREATE TABLE `auth_token` (
  `token_id` int(11) NOT NULL,
  `token_code` varchar(30) NOT NULL,
  `user_id` int(11) NOT NULL DEFAULT 0,
  `created_on` datetime NOT NULL,
  `expire_on` datetime NOT NULL,
  `is_active` int(3) NOT NULL,
  `is_deleted` int(3) NOT NULL,
  `last_login` datetime NOT NULL DEFAULT current_timestamp(),
  `ip` varchar(20) NOT NULL
) ENGINE=InnoDB DEFAULT CHARSET=utf8 COLLATE=utf8_general_ci;

--
-- Dumping data for table `auth_token`
--

INSERT INTO `auth_token` (`token_id`, `token_code`, `user_id`, `created_on`, `expire_on`, `is_active`, `is_deleted`, `last_login`, `ip`) VALUES
(73, 'c4a033c6c41092ac', 100, '2019-10-25 18:00:05', '2020-10-25 18:00:05', 0, 0, '2019-10-25 18:00:05', '::1'),
(74, '9d304d4ed72e6d8f', 100, '2019-10-25 18:00:16', '2020-10-25 18:00:16', 0, 0, '2019-10-25 18:00:16', '::1'),
(75, '4c0d7d5ecce87333', 100, '2019-10-25 18:00:27', '2020-10-25 18:00:27', 0, 0, '2019-10-25 18:00:27', '::1'),
(76, 'a822a62c91cffd9d', 100, '2019-10-25 18:00:30', '2019-10-25 18:31:35', 0, 0, '2019-10-25 18:00:30', '::1'),
(77, '30501813938235e9', 100, '2019-10-25 18:03:14', '2020-10-25 18:03:14', 0, 0, '2019-10-25 18:03:14', '::1'),
(78, '43ad92388ad1cb9d', 100, '2019-10-25 18:03:18', '2020-10-25 18:03:18', 0, 0, '2019-10-25 18:03:18', '::1'),
(79, 'bed25a1b372c08d8', 100, '2019-10-25 18:03:23', '2020-10-25 18:03:23', 0, 0, '2019-10-25 18:03:23', '::1'),
(80, '0fd6069d4d48fdfe', 100, '2019-10-25 18:03:23', '2020-10-25 18:03:23', 0, 0, '2019-10-25 18:03:23', '::1'),
(81, 'ab7a4a07798bebcf', 100, '2019-10-25 18:03:24', '2020-10-25 18:03:24', 0, 0, '2019-10-25 18:03:24', '::1'),
(82, 'c30f020c54c2cac4', 100, '2019-10-25 18:03:25', '2020-10-25 18:03:25', 0, 0, '2019-10-25 18:03:25', '::1'),
(84, '641c5fd4be8bebe3', 100, '2019-10-25 18:08:40', '2020-10-25 18:08:40', 0, 0, '2019-10-25 18:08:40', '::1'),
(85, 'bf5622427bfe25dc', 100, '2019-10-25 18:09:28', '2020-10-25 18:09:28', 0, 0, '2019-10-25 18:09:28', '::1'),
(86, 'adc50e744ed7e946', 100, '2019-10-25 18:10:31', '2020-10-25 18:10:31', 0, 0, '2019-10-25 18:10:31', '::1'),
(87, '67a3c934c35e5010', 100, '2019-10-25 18:17:55', '2020-10-25 18:17:55', 0, 0, '2019-10-25 18:17:55', '::1'),
(88, '57cad4bb53e08461', 100, '2019-10-25 18:17:58', '2020-10-25 18:17:58', 0, 0, '2019-10-25 18:17:58', '::1'),
(90, '3ca9518d5b108bef', 100, '2019-10-25 18:17:59', '2020-10-25 18:17:59', 0, 0, '2019-10-25 18:17:59', '::1'),
(91, '15c7d52bc5d9f7ad', 100, '2019-10-25 18:18:22', '2020-10-25 18:18:22', 0, 0, '2019-10-25 18:18:22', '::1'),
(92, '8ad9d30f3419690c', 100, '2019-10-25 18:19:05', '2020-10-25 18:19:05', 0, 0, '2019-10-25 18:19:05', '::1'),
(93, '2bcfd3f052c3026b', 100, '2019-10-25 18:19:07', '2020-10-25 18:19:07', 0, 0, '2019-10-25 18:19:07', '::1'),
(94, '310638829cd8116f', 100, '2019-10-25 18:19:07', '2020-10-25 18:19:07', 0, 0, '2019-10-25 18:19:07', '::1'),
(95, '3cfba9357ec91ae2', 100, '2019-10-25 18:19:08', '2020-10-25 18:19:08', 0, 0, '2019-10-25 18:19:08', '::1'),
(96, '80836c661b6dd950', 100, '2019-10-25 18:19:09', '2020-10-25 18:19:09', 0, 0, '2019-10-25 18:19:09', '::1'),
(97, '2ab310a26bdc0779', 100, '2019-10-25 18:19:09', '2020-10-25 18:19:09', 0, 0, '2019-10-25 18:19:09', '::1'),
(98, 'a1cb9fd3902802b8', 100, '2019-10-25 18:19:10', '2020-10-25 18:19:10', 0, 0, '2019-10-25 18:19:10', '::1'),
(99, '2eb19bc5821d1022', 100, '2019-10-25 18:19:10', '2020-10-25 18:19:10', 0, 0, '2019-10-25 18:19:10', '::1'),
(100, 'ae0db26e2de503e2', 100, '2019-10-25 18:19:11', '2020-10-25 18:19:11', 0, 0, '2019-10-25 18:19:11', '::1'),
(101, '9a445e6f313bba5c', 100, '2019-10-25 18:19:11', '2020-10-25 18:19:11', 0, 0, '2019-10-25 18:19:11', '::1'),
(102, 'b877ef925b4649b6', 100, '2019-10-25 18:19:59', '2020-10-25 18:19:59', 0, 0, '2019-10-25 18:19:59', '::1'),
(103, 'b758979e9f3a5164', 100, '2019-10-25 18:20:00', '2020-10-25 18:20:00', 0, 0, '2019-10-25 18:20:00', '::1'),
(104, 'e8efc70d9b9c29a6', 100, '2019-10-25 18:20:01', '2020-10-25 18:20:01', 0, 0, '2019-10-25 18:20:01', '::1'),
(105, '2cf21357575cef1c', 100, '2019-10-25 18:20:01', '2020-10-25 18:20:01', 0, 0, '2019-10-25 18:20:01', '::1'),
(106, '8531e29a29dc0cd2', 100, '2019-10-25 18:20:02', '2020-10-25 18:20:02', 0, 0, '2019-10-25 18:20:02', '::1'),
(107, '06453d9645f8c0ae', 100, '2019-10-25 18:20:08', '2020-10-25 18:20:08', 0, 0, '2019-10-25 18:20:08', '::1'),
(109, '02a838f2654f1726', 100, '2019-10-26 10:40:54', '2019-10-26 14:06:32', 0, 0, '2019-10-26 10:40:54', '::1'),
(116, '70f9eacf9d7ad0bb', 100, '2019-10-26 15:43:04', '2019-10-26 16:16:53', 0, 0, '2019-10-26 15:43:04', '::1'),
(118, '300c6fc2253c25b2', 100, '2019-10-26 16:48:25', '2019-10-26 17:25:54', 0, 0, '2019-10-26 16:48:25', '::1'),
(119, 'fab0a0b907a9107b', 100, '2019-10-26 17:53:56', '2019-10-26 18:34:16', 0, 0, '2019-10-26 17:53:56', '::1'),
(120, 'f3060d760c34c2fe', 100, '2019-10-26 18:22:01', '2019-10-26 18:54:12', 0, 0, '2019-10-26 18:22:01', '::1'),
(127, 'a1cb9fd3902802a8', 999, '2019-10-25 18:19:10', '2025-11-04 16:25:18', 0, 0, '2019-10-25 18:19:10', '::1'),
(137, '13a54a1bcccfcb7e', 100, '2019-11-04 12:31:42', '2020-11-04 12:31:42', 0, 0, '2019-11-04 12:31:42', '::1'),
(159, '0383404f3b9d14cc', 100, '2019-11-08 16:08:59', '2020-11-08 16:08:59', 0, 0, '2019-11-08 16:08:59', '::1'),
(160, '2faa9a26917dde31', 100, '2019-11-08 16:10:05', '2020-11-08 16:10:05', 0, 0, '2019-11-08 16:10:05', '::1'),
(161, 'f9cafca7fe09ed56', 100, '2019-11-08 16:10:07', '2020-11-08 16:10:07', 0, 0, '2019-11-08 16:10:07', '::1'),
(162, '6430f13b5ba2c686', 100, '2019-11-08 16:42:57', '2020-11-08 16:42:57', 0, 0, '2019-11-08 16:42:57', '::1'),
(163, 'd844f0a57e343403', 100, '2019-11-08 16:50:44', '2020-11-08 16:50:44', 0, 0, '2019-11-08 16:50:44', '::1'),
(199, 'e6ba0f9d32cf73e9', 100, '2019-11-14 17:24:31', '2020-11-14 17:24:31', 0, 0, '2019-11-14 17:24:31', '::1'),
(265, '9b78e369ccd27b1e', 100, '2019-11-18 15:55:29', '2020-11-18 15:55:29', 0, 0, '2019-11-18 15:55:29', '::1'),
(266, '39a44a4ebdebdbfe', 100, '2019-11-18 15:55:30', '2020-11-18 15:55:30', 0, 0, '2019-11-18 15:55:30', '::1'),
(267, '4a9423e4de6f57f4', 100, '2019-11-18 15:55:49', '2020-11-18 15:55:49', 0, 0, '2019-11-18 15:55:49', '::1'),
(323, 'b847a7d40410ce34', 100, '2019-11-25 12:15:47', '2020-11-25 12:15:47', 0, 0, '2019-11-25 12:15:47', '::1'),
(324, '21470327ef365805', 100, '2019-11-25 12:17:44', '2020-11-25 12:17:44', 0, 0, '2019-11-25 12:17:44', '::1'),
(325, '641a64cda4241ebe', 100, '2019-11-25 12:18:39', '2020-11-25 12:18:39', 0, 0, '2019-11-25 12:18:39', '::1'),
(361, 'acbc498e9a9b4c35', 1, '2019-11-26 11:52:55', '2019-11-26 12:52:53', 0, 0, '2019-11-26 11:52:55', '::1'),
(362, '2dfbcda41b1c783a', 1, '2019-11-26 11:53:06', '2019-11-26 12:53:04', 0, 0, '2019-11-26 11:53:06', '::1'),
(363, 'ff1e8129d8793621', 1, '2019-11-26 13:18:02', '2019-11-26 14:18:02', 0, 0, '2019-11-26 13:18:02', '::1'),
(364, '206f6ba9c274a5b1', 1, '2019-11-26 14:09:01', '2019-11-26 14:42:22', 0, 0, '2019-11-26 14:09:01', '::1'),
(365, 'bf25208922833df0', 1, '2019-11-26 14:12:33', '2019-11-26 14:43:31', 0, 0, '2019-11-26 14:12:33', '::1'),
(366, '2690985dc5f87ad7', 1, '2019-11-26 14:13:39', '2019-11-26 20:14:47', 0, 0, '2019-11-26 14:13:39', '::1'),
(367, '674950ec99cc07b8', 1, '2019-11-26 14:14:54', '2019-11-27 01:16:41', 0, 0, '2019-11-26 14:14:54', '::1'),
(368, '4fe0cb1c44f388be', 1, '2019-11-27 10:21:17', '2019-11-27 17:26:20', 0, 0, '2019-11-27 10:21:17', '::1'),
(369, '31d58191fcd8eb57', 1, '2019-11-27 12:43:07', '2019-11-27 18:43:18', 0, 0, '2019-11-27 12:43:07', '::1'),
(370, '70fa8647faba2691', 1, '2019-11-27 14:17:41', '2019-11-27 20:17:41', 0, 0, '2019-11-27 14:17:41', '::1'),
(371, 'db67da5f9a5bc2f1', 100, '2019-11-27 14:23:42', '2020-11-27 14:23:42', 0, 0, '2019-11-27 14:23:42', '::1'),
(372, '2356e7e099e02210', 100, '2019-11-27 14:23:48', '2020-11-27 14:23:48', 0, 0, '2019-11-27 14:23:48', '::1'),
(373, '3b74c53eb98afb75', 100, '2019-11-27 14:23:48', '2020-11-27 14:23:48', 0, 0, '2019-11-27 14:23:48', '::1'),
(374, 'd10d5f23179a1fac', 100, '2019-11-27 14:23:49', '2020-11-27 14:23:49', 0, 0, '2019-11-27 14:23:49', '::1'),
(375, '8bfcf0c4615c89b2', 100, '2019-11-27 14:23:51', '2020-11-27 14:23:51', 0, 0, '2019-11-27 14:23:51', '::1'),
(376, '8c92ef8f04346887', 100, '2019-11-27 14:23:51', '2020-11-27 14:23:51', 0, 0, '2019-11-27 14:23:51', '::1'),
(377, '2e10ce2645151af5', 100, '2019-11-27 14:23:52', '2020-11-27 14:23:52', 0, 0, '2019-11-27 14:23:52', '::1'),
(378, '4887c685ec2495dc', 100, '2019-11-27 14:24:00', '2020-11-27 14:24:00', 0, 0, '2019-11-27 14:24:00', '::1'),
(379, '63de9f569ac805f2', 100, '2019-11-27 14:24:05', '2020-11-27 14:24:05', 0, 0, '2019-11-27 14:24:05', '::1'),
(380, 'b732a12e796d379c', 100, '2019-11-27 14:24:11', '2020-11-27 14:24:11', 0, 0, '2019-11-27 14:24:11', '::1'),
(381, '23fe30883fa17862', 100, '2019-11-27 14:24:12', '2020-11-27 14:24:12', 0, 0, '2019-11-27 14:24:12', '::1'),
(382, '12e66969ebba4666', 100, '2019-11-27 14:24:18', '2020-11-27 14:24:18', 0, 0, '2019-11-27 14:24:18', '::1'),
(383, '50a8b530cb443a18', 1, '2019-11-27 14:37:17', '2019-11-28 01:31:59', 0, 0, '2019-11-27 14:37:17', '::1'),
(384, 'a25cbc4b00c855cf', 1, '2019-11-28 10:04:34', '2019-11-28 17:09:26', 0, 0, '2019-11-28 10:04:34', '::1'),
(385, 'b00830e20d548425', 1, '2019-11-29 13:18:21', '2019-11-29 19:18:28', 0, 0, '2019-11-29 13:18:21', '::1'),
(386, 'a3cf81dbfc4b2196', 1, '2019-11-29 13:20:15', '2019-11-29 22:15:31', 0, 0, '2019-11-29 13:20:15', '::1'),
(387, 'a60f5de9d4f132e1', 1, '2019-11-29 16:15:33', '2019-11-30 01:30:43', 0, 0, '2019-11-29 16:15:33', '::1'),
(388, '3b65fc3da101d93b', 1, '2019-12-02 10:02:06', '2019-12-02 17:51:17', 0, 0, '2019-12-02 10:02:06', '::1'),
(389, 'a28b0198fc1d480e', 1, '2019-12-02 11:51:47', '2019-12-02 18:53:04', 0, 0, '2019-12-02 11:51:47', '::1'),
(390, '4e1e5660ff10eb76', 1, '2019-12-02 13:14:06', '2019-12-02 21:21:38', 0, 0, '2019-12-02 13:14:06', '::1'),
(391, '49d92db5f83ea9d6', 100, '2019-12-02 13:19:30', '2020-12-02 13:19:30', 0, 0, '2019-12-02 13:19:30', '::1'),
(392, '799e342d94a67801', 100, '2019-12-02 14:33:09', '2020-12-02 14:33:09', 0, 0, '2019-12-02 14:33:09', '::1'),
(393, '287bcf741dd8e85e', 100, '2019-12-02 14:38:53', '2020-12-02 14:38:53', 0, 0, '2019-12-02 14:38:53', '::1'),
(394, '65edc87a705b961b', 100, '2019-12-02 14:43:18', '2020-12-02 14:43:18', 0, 0, '2019-12-02 14:43:18', '::1'),
(395, 'cbe005ad44c6e9ac', 1, '2019-12-02 15:33:06', '2019-12-03 00:36:46', 0, 0, '2019-12-02 15:33:06', '::1'),
(396, '855be18b52409159', 1, '2019-12-02 16:25:54', '2019-12-02 22:30:18', 0, 0, '2019-12-02 16:25:54', '::1'),
(397, '3008035c12d8c8a7', 1, '2019-12-02 18:39:22', '2019-12-03 01:14:48', 0, 0, '2019-12-02 18:39:22', '::1'),
(398, '778ee2f013f40006', 1, '2019-12-03 10:21:17', '2019-12-03 22:10:42', 0, 0, '2019-12-03 10:21:17', '::1'),
(399, '73f2c919d1deec3a', 1, '2019-12-03 17:54:51', '2019-12-04 00:56:25', 0, 0, '2019-12-03 17:54:51', '::1'),
(400, 'e6d1aaf635d99f0c', 1, '2019-12-04 10:08:45', '2019-12-04 21:50:06', 0, 0, '2019-12-04 10:08:45', '::1'),
(401, '1294080d66bc56d7', 1, '2019-12-04 13:46:07', '2019-12-04 19:48:29', 0, 0, '2019-12-04 13:46:07', '::1'),
(402, 'f5b91739539e4f46', 4, '2019-12-04 16:29:39', '2019-12-04 22:29:53', 0, 0, '2019-12-04 16:29:39', '::1'),
(403, '053d515a4121f8a4', 1, '2019-12-04 16:30:03', '2019-12-05 00:35:27', 0, 0, '2019-12-04 16:30:03', '::1'),
(404, 'f475c458f878cc78', 1, '2019-12-04 18:38:34', '2019-12-05 00:50:32', 0, 0, '2019-12-04 18:38:34', '::1'),
(405, '6052c15c2bb9a071', 1, '2019-12-04 18:51:28', '2019-12-05 01:29:06', 0, 0, '2019-12-04 18:51:28', '::1'),
(406, '749bbc1f6bc6a446', 1, '2019-12-05 10:06:06', '2019-12-05 21:32:10', 0, 0, '2019-12-05 10:06:06', '::1'),
(407, '6ff82d88af696e02', 1, '2019-12-05 16:14:29', '2019-12-06 01:30:18', 0, 0, '2019-12-05 16:14:29', '::1'),
(408, 'a53aa3c5e481aeae', 1, '2019-12-06 10:55:30', '2019-12-06 22:46:47', 0, 0, '2019-12-06 10:55:30', '::1'),
(409, 'bb63b53cb89cccab', 1, '2019-12-06 15:32:45', '2019-12-06 22:56:03', 0, 0, '2019-12-06 15:32:45', '::1'),
(410, 'b7135a75ca4248c0', 1, '2019-12-06 16:46:56', '2019-12-06 23:11:49', 0, 0, '2019-12-06 16:46:56', '::1'),
(411, '460aed5ce18f9595', 1, '2019-12-06 17:12:17', '2019-12-07 00:16:57', 0, 0, '2019-12-06 17:12:17', '::1'),
(412, '06a1c89469037429', 1, '2019-12-06 18:17:23', '2019-12-07 00:55:37', 0, 0, '2019-12-06 18:17:23', '::1'),
(413, '17a954e2fd835799', 1, '2019-12-09 10:23:25', '2019-12-09 18:24:44', 0, 0, '2019-12-09 10:23:25', '::1'),
(414, 'b60de29721324fde', 1, '2019-12-09 12:02:44', '2019-12-09 18:23:43', 0, 0, '2019-12-09 12:02:44', '::1'),
(415, 'a4fb8c829b23a9f7', 1, '2019-12-09 12:25:13', '2019-12-09 18:45:57', 0, 0, '2019-12-09 12:25:13', '::1'),
(416, 'f50258263c0b8081', 1, '2019-12-09 12:46:13', '2019-12-09 18:47:48', 0, 0, '2019-12-09 12:46:13', '::1'),
(417, '92b9d17f7890def7', 1, '2019-12-09 12:50:03', '2019-12-09 21:37:44', 0, 0, '2019-12-09 12:50:03', '::1'),
(418, '1658156df6e18212', 1, '2019-12-09 15:54:25', '2019-12-10 01:28:37', 0, 0, '2019-12-09 15:54:25', '::1'),
(419, '90c7571000b826b5', 1, '2019-12-10 10:11:24', '2019-12-10 22:11:25', 0, 0, '2019-12-10 10:11:24', '::1'),
(420, '0a0820e5377d1872', 1, '2019-12-10 16:11:59', '2019-12-11 01:26:40', 0, 0, '2019-12-10 16:11:59', '::1'),
(421, 'fb452e0ddbf060a7', 1, '2019-12-11 10:09:34', '2019-12-11 22:01:13', 0, 0, '2019-12-11 10:09:34', '::1'),
(422, '23429c9e6190827a', 1, '2019-12-11 17:00:08', '2019-12-12 00:48:45', 0, 0, '2019-12-11 17:00:08', '::1'),
(423, '033589ea18d8b240', 1, '2019-12-12 10:11:05', '2019-12-12 22:10:54', 0, 0, '2019-12-12 10:11:05', '::1'),
(424, '43d1405a127897d0', 1, '2019-12-12 16:24:03', '2019-12-13 01:29:49', 0, 0, '2019-12-12 16:24:03', '::1'),
(425, '8be23dfc42dee2e5', 1, '2019-12-13 10:10:07', '2019-12-13 16:10:12', 0, 0, '2019-12-13 10:10:07', '::1'),
(426, '2808317aebb18dec', 1, '2019-12-13 12:28:42', '2019-12-13 18:37:47', 0, 0, '2019-12-13 12:28:42', '::1'),
(427, '612d816c45e43658', 1, '2019-12-13 14:57:06', '2019-12-14 01:20:48', 0, 0, '2019-12-13 14:57:06', '::1'),
(428, '0518754f2c9ee294', 1, '2019-12-13 16:10:09', '2019-12-13 22:16:22', 0, 0, '2019-12-13 16:10:09', '::1'),
(429, 'ddfd9a0e636b4e13', 1, '2019-12-14 10:01:19', '2019-12-14 18:26:32', 0, 0, '2019-12-14 10:01:19', '::1'),
(430, 'dbe97d023f2f1312', 1, '2019-12-14 10:27:25', '2019-12-14 20:20:52', 0, 0, '2019-12-14 10:27:25', '::1'),
(431, 'b3d9cfd97e910c20', 1, '2019-12-14 12:26:48', '2019-12-14 20:25:31', 0, 0, '2019-12-14 12:26:48', '::1'),
(432, 'caaf8c0815f77a7f', 1, '2019-12-14 14:27:10', '2019-12-14 20:27:21', 0, 0, '2019-12-14 14:27:10', '::1'),
(433, 'a020bc0661922d10', 1, '2019-12-14 14:27:58', '2019-12-14 20:40:43', 0, 0, '2019-12-14 14:27:58', '::1'),
(434, 'b79d81aba6e0b718', 1, '2019-12-14 14:45:12', '2019-12-14 21:53:32', 0, 0, '2019-12-14 14:45:12', '::1'),
(435, 'ed43ab055a741897', 1, '2019-12-18 03:44:52', '2019-12-18 09:44:52', 0, 0, '2019-12-18 03:44:52', '122.175.222.127'),
(436, '1a55b5e62c1498ee', 1, '2019-12-18 03:55:47', '2019-12-18 09:55:47', 0, 0, '2019-12-18 03:55:47', '122.175.222.127'),
(437, 'ba231e933a3a859a', 1, '2019-12-18 03:58:40', '2019-12-18 09:58:40', 0, 0, '2019-12-18 03:58:40', '122.175.222.127'),
(438, '03c43b97f1be28a7', 1, '2019-12-18 04:02:30', '2019-12-18 10:02:30', 0, 0, '2019-12-18 04:02:30', '122.175.222.127'),
(439, 'c045ccb70955cb9d', 1, '2019-12-18 04:17:19', '2019-12-18 10:17:19', 0, 0, '2019-12-18 04:17:19', '122.175.222.127'),
(440, '334bf71a12744993', 1, '2019-12-18 04:51:51', '2019-12-18 10:51:51', 0, 0, '2019-12-18 04:51:51', '122.175.222.127'),
(441, '165a5345c1995f0d', 1, '2019-12-18 05:00:56', '2019-12-18 11:00:56', 0, 0, '2019-12-18 05:00:56', '122.175.222.127'),
(442, '6f6687deaf113aad', 1, '2019-12-18 05:01:20', '2019-12-18 11:01:20', 0, 0, '2019-12-18 05:01:20', '122.175.222.127'),
(443, '27b9899dec1bc04c', 1, '2019-12-19 04:15:02', '2019-12-19 10:15:02', 0, 0, '2019-12-19 04:15:02', '122.175.222.127'),
(444, '2627714418f6a693', 1, '2019-12-19 04:18:02', '2019-12-19 04:48:08', 0, 0, '2019-12-19 04:18:02', '127.0.0.1'),
(445, '278b1459639a721c', 1, '2019-12-19 04:18:18', '2019-12-19 05:45:32', 0, 0, '2019-12-19 04:18:18', '127.0.0.1'),
(446, 'b1e9c6d3c0cae14d', 1, '2019-12-19 04:26:05', '2019-12-19 05:00:12', 0, 0, '2019-12-19 04:26:05', '122.175.222.127'),
(447, '054869ae71387aab', 1, '2019-12-19 21:34:16', '2019-12-19 22:04:25', 0, 0, '2019-12-19 21:34:16', '122.175.222.127'),
(448, '93f331b18760e64e', 1, '2019-12-20 03:44:39', '2019-12-20 09:44:39', 0, 0, '2019-12-20 03:44:39', '122.175.222.127'),
(449, '8a27bbda1cb033c3', 100, '2019-12-20 08:11:16', '2020-12-20 08:11:16', 0, 0, '2019-12-20 08:11:16', '49.36.31.21'),
(450, '125ba1fa51534838', 100, '2019-12-22 22:30:08', '2020-12-22 22:30:08', 0, 0, '2019-12-22 22:30:08', '182.77.68.217'),
(451, '2ce8eec2dba492f5', 1, '2019-12-22 22:33:18', '2019-12-22 23:37:25', 0, 0, '2019-12-22 22:33:18', '127.0.0.1'),
(452, '9e38c416422a40c2', 1, '2019-12-22 22:34:31', '2019-12-22 23:15:25', 0, 0, '2019-12-22 22:34:31', '127.0.0.1'),
(453, '3a83a55b2a7923d6', 1, '2019-12-22 22:46:20', '2019-12-22 23:16:35', 0, 0, '2019-12-22 22:46:20', '127.0.0.1'),
(454, '6ad12a6fe7fce467', 100, '2019-12-22 22:49:43', '2020-12-22 22:49:43', 0, 0, '2019-12-22 22:49:43', '157.34.113.31'),
(455, '6c5d6ecf707e82c1', 100, '2019-12-22 23:33:50', '2020-12-22 23:33:50', 0, 0, '2019-12-22 23:33:50', '182.77.68.217'),
(456, 'e2594b82cc1379ba', 100, '2019-12-23 00:10:09', '2020-12-23 00:10:09', 0, 0, '2019-12-23 00:10:09', '157.34.113.31'),
(457, 'c22f0ca50964f487', 1, '2019-12-23 03:17:38', '2019-12-23 04:17:52', 0, 0, '2019-12-23 03:17:38', '127.0.0.1'),
(458, '17cf656b4e5f7a34', 1, '2019-12-23 03:27:42', '2019-12-23 03:58:01', 0, 0, '2019-12-23 03:27:42', '127.0.0.1'),
(459, 'de6b16522c25deb7', 1, '2019-12-23 03:48:06', '2019-12-23 04:59:34', 0, 0, '2019-12-23 03:48:06', '127.0.0.1'),
(460, '1d60f206fb9069e6', 1, '2019-12-23 06:08:07', '2019-12-23 06:47:56', 0, 0, '2019-12-23 06:08:07', '127.0.0.1'),
(461, '7c41bc0e5e6b9622', 1, '2019-12-23 06:39:42', '2019-12-23 07:09:50', 0, 0, '2019-12-23 06:39:42', '127.0.0.1'),
(462, 'c19434f7f0ed32c4', 100, '2019-12-23 11:02:26', '2020-12-23 11:02:26', 0, 0, '2019-12-23 11:02:26', '49.36.25.103'),
(463, '0918f8678dc5c36a', 1, '2019-12-23 12:40:44', '2019-12-23 13:11:18', 0, 0, '2019-12-23 12:40:45', '127.0.0.1'),
(464, '58b9e779082a5178', 1, '2019-12-23 21:40:52', '2019-12-23 22:14:23', 0, 0, '2019-12-23 21:40:52', '127.0.0.1'),
(465, '89653b26928e7040', 1, '2019-12-24 04:26:56', '2019-12-24 05:20:35', 0, 0, '2019-12-24 04:26:56', '127.0.0.1'),
(466, 'f9fb7a39d62a9ee2', 1, '2019-12-24 06:51:13', '2019-12-24 07:21:15', 0, 0, '2019-12-24 06:51:13', '127.0.0.1'),
(467, 'dbea94345e799994', 100, '2019-12-24 07:09:57', '2020-12-24 07:09:57', 0, 0, '2019-12-24 07:09:57', '49.36.25.103'),
(468, '4512b0240ecdc186', 100, '2019-12-24 07:11:20', '2020-12-24 07:11:20', 0, 0, '2019-12-24 07:11:20', '49.36.25.103'),
(469, '4363bc4acb636d85', 100, '2019-12-24 10:32:52', '2020-12-24 10:32:52', 0, 0, '2019-12-24 10:32:52', '182.70.239.219'),
(470, '97edc40f0299ef3b', 100, '2019-12-24 10:57:44', '2020-12-24 10:57:44', 0, 0, '2019-12-24 10:57:44', '182.70.239.219'),
(471, 'f2734a1c6ecbe64e', 1, '2019-12-24 10:58:34', '2019-12-24 16:58:34', 0, 0, '2019-12-24 10:58:34', '182.70.239.219'),
(472, 'ab52dfe1462726eb', 1, '2019-12-24 11:03:46', '2019-12-24 17:03:46', 0, 0, '2019-12-24 11:03:46', '182.70.239.219'),
(473, 'ed0306fb5a5b5cca', 100, '2019-12-24 23:52:53', '2020-12-24 23:52:53', 0, 0, '2019-12-24 23:52:53', '182.77.68.217'),
(474, '3434ea42d1a8016f', 100, '2019-12-24 23:52:55', '2020-12-24 23:52:55', 0, 0, '2019-12-24 23:52:55', '182.77.68.217'),
(475, 'c451b2ea35b299a1', 100, '2019-12-25 01:19:35', '2020-12-25 01:19:35', 0, 0, '2019-12-25 01:19:35', '125.99.167.82'),
(476, 'f2a5f27d26df5e3b', 100, '2019-12-25 01:20:08', '2020-12-25 01:20:08', 0, 0, '2019-12-25 01:20:08', '125.99.167.82'),
(477, '06a97cb5821b6cc9', 100, '2019-12-25 01:22:21', '2020-12-25 01:22:21', 0, 0, '2019-12-25 01:22:21', '125.99.167.82'),
(478, 'addbdf7269571c07', 100, '2019-12-25 01:23:15', '2020-12-25 01:23:15', 0, 0, '2019-12-25 01:23:15', '182.77.68.217'),
(479, '06401dfb45e45175', 100, '2019-12-25 01:23:22', '2020-12-25 01:23:22', 0, 0, '2019-12-25 01:23:22', '182.77.68.217'),
(480, '50366a9d3f7feda1', 100, '2019-12-25 01:23:36', '2020-12-25 01:23:36', 0, 0, '2019-12-25 01:23:36', '182.77.68.217'),
(481, '989df0cfd0ad182b', 100, '2019-12-25 01:23:37', '2020-12-25 01:23:37', 0, 0, '2019-12-25 01:23:37', '182.77.68.217'),
(482, '9f6ce5d5b6cb0e75', 100, '2019-12-25 01:25:36', '2020-12-25 01:25:36', 0, 0, '2019-12-25 01:25:36', '125.99.167.82'),
(483, '0ca3ed8386dce561', 1, '2019-12-25 02:49:48', '2019-12-25 03:19:57', 0, 0, '2019-12-25 02:49:48', '182.77.68.217'),
(484, 'e975759157b526ae', 100, '2019-12-25 03:49:52', '2020-12-25 03:49:52', 0, 0, '2019-12-25 03:49:52', '49.36.25.103'),
(485, 'a2943ca01310655c', 100, '2019-12-25 03:55:52', '2020-12-25 03:55:52', 0, 0, '2019-12-25 03:55:52', '49.36.25.103'),
(486, '3340a8ce0f1c72b5', 1, '2019-12-25 03:56:54', '2019-12-25 04:27:33', 0, 0, '2019-12-25 03:56:54', '182.77.68.217'),
(487, '3133982e8dff19b2', 100, '2019-12-25 04:50:28', '2020-12-25 04:50:28', 0, 0, '2019-12-25 04:50:28', '182.77.68.217'),
(488, 'e658904a5c598f43', 100, '2019-12-25 04:52:03', '2020-12-25 04:52:03', 0, 0, '2019-12-25 04:52:03', '182.77.68.217'),
(489, '92cdd5c4abde47e8', 100, '2019-12-25 05:13:02', '2020-12-25 05:13:02', 0, 0, '2019-12-25 05:13:02', '49.36.25.103'),
(490, 'd81fd7b62bfb2e1e', 100, '2019-12-26 05:16:54', '2020-12-26 05:16:54', 0, 0, '2019-12-26 05:16:54', '182.77.68.217'),
(491, '971c55ec29759850', 100, '2019-12-26 09:36:52', '2020-12-26 09:36:52', 0, 0, '2019-12-26 09:36:52', '49.36.25.103'),
(492, '606ba74c91df374d', 100, '2019-12-28 01:36:58', '2020-12-28 01:36:58', 0, 0, '2019-12-28 01:36:58', '27.5.4.64'),
(493, '4961f51f2f68850b', 100, '2019-12-28 01:57:24', '2020-12-28 01:57:24', 0, 0, '2019-12-28 01:57:24', '27.5.4.64'),
(494, '7541791c4f6d4573', 100, '2019-12-28 02:00:38', '2020-12-28 02:00:38', 0, 0, '2019-12-28 02:00:38', '27.5.4.64'),
(495, 'fbafe5ff9478a18c', 100, '2019-12-28 02:01:54', '2020-12-28 02:01:54', 0, 0, '2019-12-28 02:01:54', '27.5.4.64'),
(496, 'eaa1f46b17f06ef5', 100, '2019-12-28 02:39:11', '2020-12-28 02:39:11', 0, 0, '2019-12-28 02:39:11', '27.5.4.64'),
(497, '7271127c6854a62b', 1, '2019-12-28 02:40:01', '2019-12-28 03:21:03', 0, 0, '2019-12-28 02:40:01', '27.5.4.64'),
(498, 'd3b44c355028a8b9', 1, '2019-12-28 04:11:20', '2019-12-28 04:41:43', 0, 0, '2019-12-28 04:11:20', '27.5.4.64'),
(499, '3c547b0d12e9e332', 1, '2019-12-28 04:20:13', '2019-12-28 05:03:58', 0, 0, '2019-12-28 04:20:13', '127.0.0.1'),
(500, 'e0f5d690e208c7e4', 1, '2019-12-28 04:55:14', '2019-12-28 05:25:41', 0, 0, '2019-12-28 04:55:14', '127.0.0.1'),
(501, '63c8af84bb733fd4', 1, '2019-12-28 05:01:20', '2019-12-28 06:14:16', 0, 0, '2019-12-28 05:01:20', '127.0.0.1'),
(502, 'c619f4efba946e25', 1, '2019-12-28 06:33:51', '2019-12-28 07:06:26', 0, 0, '2019-12-28 06:33:51', '27.5.4.64'),
(503, '6bb293873a0b9400', 100, '2019-12-29 23:30:04', '2020-12-29 23:30:04', 0, 0, '2019-12-29 23:30:04', '27.5.4.64'),
(504, 'abfe68ee7cfad6ad', 1, '2019-12-29 23:39:28', '2019-12-30 05:39:43', 0, 0, '2019-12-29 23:39:28', '27.5.4.64'),
(505, 'd8f4939c16609c83', 1, '2019-12-29 23:39:48', '2019-12-30 05:43:34', 0, 0, '2019-12-29 23:39:48', '27.5.4.64'),
(506, 'a7cb947b765f04e3', 1, '2019-12-29 23:44:07', '2019-12-30 05:44:07', 0, 0, '2019-12-29 23:44:07', '27.5.4.64'),
(507, '700614edc0fd904e', 1, '2019-12-29 23:47:59', '2019-12-30 05:50:53', 0, 0, '2019-12-29 23:47:59', '27.5.4.64'),
(508, 'aeb742a9c4302683', 1, '2020-01-16 04:53:44', '2020-01-16 10:55:12', 0, 0, '2020-01-16 04:53:44', '127.0.0.1'),
(509, '2307396ebbbb0b7f', 1, '2020-01-24 03:50:57', '2021-01-24 03:50:57', 0, 0, '2020-01-24 03:50:57', '27.5.4.64'),
(510, '313a865f93ee0ba6', 1, '2020-01-24 23:36:49', '2020-01-25 05:36:54', 0, 0, '2020-01-24 23:36:49', '127.0.0.1'),
(511, 'b3914876db0aee24', 4, '2020-01-25 00:04:36', '2020-01-25 06:22:26', 0, 0, '2020-01-25 00:04:36', '127.0.0.1'),
(512, 'f8fb9e0385da4228', 100, '2020-01-25 03:42:58', '2021-01-25 03:42:58', 0, 0, '2020-01-25 03:42:58', '27.5.4.64'),
(513, '6f306b9e7e364d16', 100, '2020-01-25 03:43:03', '2021-01-25 03:43:03', 0, 0, '2020-01-25 03:43:03', '27.5.4.64'),
(514, 'a850ae6bbc278610', 100, '2020-01-25 03:49:09', '2021-01-25 03:49:09', 0, 0, '2020-01-25 03:49:09', '27.5.4.64'),
(515, 'd2b33a29554aaf2c', 100, '2020-01-25 03:51:21', '2021-01-25 03:51:21', 0, 0, '2020-01-25 03:51:21', '27.5.4.64'),
(516, '2f3dae0d143055d3', 100, '2020-01-30 02:54:15', '2021-01-30 02:54:15', 0, 0, '2020-01-30 02:54:15', '47.247.8.219'),
(517, '522b139a9f08983a', 4, '2020-01-30 02:54:51', '2020-01-30 08:59:39', 0, 0, '2020-01-30 02:54:51', '127.0.0.1'),
(518, 'fe5d35e2acba7f0c', 100, '2020-01-30 02:55:40', '2021-01-30 02:55:40', 0, 0, '2020-01-30 02:55:40', '47.247.8.219'),
(519, '7c5e6c6a1a5e8bb8', 4, '2020-01-30 03:01:23', '2020-01-30 09:03:03', 0, 0, '2020-01-30 03:01:23', '127.0.0.1'),
(520, '73a6de1c1a28e815', 1, '2020-01-30 03:03:16', '2020-01-30 09:04:02', 0, 0, '2020-01-30 03:03:16', '127.0.0.1'),
(521, 'c33056e35ed3e7e5', 1, '2020-02-07 06:24:20', '2020-02-07 12:24:25', 0, 0, '2020-02-07 06:24:20', '127.0.0.1'),
(522, '4b3db9322e7f72fc', 1, '2020-02-17 04:24:53', '2020-02-17 10:25:22', 0, 0, '2020-02-17 04:24:53', '127.0.0.1'),
(523, 'f191ad46ea58c931', 1, '2020-02-17 04:34:47', '2020-02-17 10:36:54', 0, 0, '2020-02-17 04:34:47', '127.0.0.1'),
(524, 'f3836be3305de38f', 1, '2020-02-17 04:38:12', '2020-02-17 10:45:39', 0, 0, '2020-02-17 04:38:12', '127.0.0.1'),
(525, '6bffa43fbf1aa76c', 1, '2020-02-18 06:32:49', '2020-02-18 12:32:50', 0, 0, '2020-02-18 06:32:49', '127.0.0.1'),
(526, 'b00f3e2e8750b8e1', 1, '2020-02-18 06:34:47', '2020-02-18 12:47:58', 0, 0, '2020-02-18 06:34:47', '127.0.0.1'),
(527, '7bcb9b8006c8beee', 1, '2020-02-18 06:36:01', '2020-02-18 12:36:10', 0, 0, '2020-02-18 06:36:01', '127.0.0.1'),
(528, '25a9313da14427ed', 100, '2020-02-25 22:00:02', '2021-02-25 22:00:02', 0, 0, '2020-02-25 22:00:02', '27.5.4.64'),
(529, 'acb69cecc727f7c2', 100, '2020-03-11 04:59:37', '2021-03-11 04:59:37', 0, 0, '2020-03-11 03:59:37', '27.5.4.64'),
(530, '0d697cd4d384a921', 100, '2020-04-30 05:04:27', '2021-04-30 05:04:27', 0, 0, '2020-04-30 04:04:27', '122.170.203.171'),
(531, 'ae0f01ebf012a362', 100, '2020-04-30 05:04:47', '2021-04-30 05:04:47', 0, 0, '2020-04-30 04:04:47', '122.170.203.171'),
(532, 'b304dfa1b3aa2a82', 1, '2020-05-24 14:47:23', '2020-05-24 20:54:25', 0, 0, '2020-05-24 13:47:23', '127.0.0.1'),
(533, '394a464f897e1035', 5, '2020-05-24 14:57:54', '2020-05-24 20:58:30', 0, 0, '2020-05-24 13:57:54', '127.0.0.1'),
(534, '9e796e32f222ab8a', 2, '2020-05-24 23:04:02', '2020-05-25 05:04:03', 0, 0, '2020-05-24 22:04:02', '127.0.0.1'),
(535, '94444835811f8565', 5, '2020-05-24 23:05:02', '2020-05-25 05:05:27', 0, 0, '2020-05-24 22:05:02', '127.0.0.1'),
(536, 'b2d6707def04df95', 1, '2020-05-25 01:25:47', '2020-05-25 07:25:47', 0, 0, '2020-05-25 00:25:47', '127.0.0.1'),
(537, '9a895e355bf61b89', 1, '2020-05-25 01:26:02', '2020-05-25 07:32:09', 0, 0, '2020-05-25 00:26:02', '127.0.0.1'),
(538, 'fa3bfc686630d277', 5, '2020-05-25 04:14:40', '2020-05-25 11:10:33', 0, 0, '2020-05-25 03:14:40', '127.0.0.1'),
(539, 'e33efff6afc75769', 5, '2020-05-25 06:17:21', '2020-05-25 12:17:32', 0, 0, '2020-05-25 05:17:21', '127.0.0.1'),
(540, '66b5f0bd9cef19a5', 5, '2020-05-27 07:14:09', '2020-05-27 13:19:16', 0, 0, '2020-05-27 06:14:09', '127.0.0.1'),
(541, '6214db2b95765d4e', 1, '2020-05-31 02:08:23', '2020-05-31 08:08:24', 0, 0, '2020-05-31 01:08:23', '127.0.0.1'),
(542, '2400a6bee9b8b6ad', 5, '2020-06-04 15:01:27', '2020-06-04 21:01:27', 0, 0, '2020-06-04 02:31:27', '127.0.0.1'),
(543, '71f665be0fb16e1f', 5, '2020-06-04 15:01:39', '2020-06-04 22:03:50', 0, 0, '2020-06-04 02:31:39', '127.0.0.1'),
(544, 'e2aaf986aa2f29f6', 5, '2020-06-05 14:02:17', '2020-06-05 20:02:17', 0, 0, '2020-06-05 01:32:17', '127.0.0.1'),
(545, '679da06ad139b5ea', 5, '2020-06-05 14:03:40', '2020-06-05 20:07:17', 0, 0, '2020-06-05 01:33:40', '127.0.0.1'),
(546, '1f0f312decfa0245', 5, '2020-06-05 14:16:02', '2020-06-05 20:17:24', 0, 0, '2020-06-05 01:46:02', '127.0.0.1'),
(547, '0d24f6021375b67a', 5, '2020-06-05 14:19:35', '2020-06-05 20:28:53', 0, 0, '2020-06-05 01:49:35', '127.0.0.1'),
(548, 'd280c226da7d9d79', 5, '2020-06-05 16:33:00', '2020-06-05 22:33:01', 0, 0, '2020-06-05 04:03:00', '127.0.0.1'),
(549, '3909f8da97fcdbd4', 5, '2020-06-06 14:27:02', '2020-06-06 20:33:49', 0, 0, '2020-06-06 01:57:02', '127.0.0.1'),
(550, 'df3296f34a8543ef', 5, '2020-06-06 16:29:21', '2020-06-06 22:32:28', 0, 0, '2020-06-06 03:59:21', '127.0.0.1'),
(551, '7b7762c8418a5956', 5, '2020-06-08 15:13:53', '2020-06-08 21:13:55', 0, 0, '2020-06-08 02:43:53', '127.0.0.1'),
(552, 'd7d1c12531b79237', 5, '2020-06-08 15:15:38', '2020-06-08 21:16:09', 0, 0, '2020-06-08 02:45:38', '127.0.0.1'),
(553, 'd48c8f6dc7f99d58', 5, '2020-06-08 15:19:10', '2020-06-08 21:19:19', 0, 0, '2020-06-08 02:49:10', '127.0.0.1'),
(554, '311a3ac2cde2ae11', 5, '2020-06-08 15:21:06', '2020-06-08 21:21:15', 0, 0, '2020-06-08 02:51:06', '127.0.0.1'),
(555, '69fb739f4097b818', 5, '2020-06-08 17:01:53', '2020-06-08 23:49:20', 0, 0, '2020-06-08 04:31:53', '127.0.0.1'),
(556, 'cb14e03ca2fdb3a9', 5, '2020-06-08 18:58:20', '2020-06-09 00:58:20', 0, 0, '2020-06-08 06:28:20', '127.0.0.1'),
(557, '8ae2c4896d82695c', 5, '2020-06-08 18:58:37', '2020-06-09 00:59:15', 0, 0, '2020-06-08 06:28:37', '127.0.0.1'),
(558, '780937ea7770f7da', 5, '2020-06-09 17:48:29', '2020-06-09 23:48:31', 0, 0, '2020-06-09 05:18:29', '127.0.0.1'),
(559, '40b9e43931319459', 5, '2020-06-09 17:49:06', '2020-06-09 23:50:50', 0, 0, '2020-06-09 05:19:06', '127.0.0.1'),
(560, 'ee02fb413a9a5c9c', 5, '2020-06-09 18:25:54', '2020-06-10 00:37:03', 0, 0, '2020-06-09 05:55:54', '127.0.0.1'),
(561, '3af45b65b8318ba8', 5, '2020-06-09 18:48:21', '2020-06-10 00:48:30', 0, 0, '2020-06-09 06:18:21', '127.0.0.1'),
(562, '983ac4dc5374cbc8', 5, '2020-06-09 19:24:58', '2020-06-10 01:24:58', 0, 0, '2020-06-09 06:54:58', '127.0.0.1'),
(563, '4f8d37516948f5f5', 5, '2020-06-09 19:25:24', '2020-06-10 01:25:25', 0, 0, '2020-06-09 06:55:24', '127.0.0.1'),
(564, '259672783ef44eb9', 5, '2020-06-09 19:25:58', '2020-06-10 01:25:59', 0, 0, '2020-06-09 06:55:58', '127.0.0.1'),
(565, '3a30208c82b8f20d', 5, '2020-06-09 19:26:54', '2020-06-10 01:31:14', 0, 0, '2020-06-09 06:56:54', '127.0.0.1'),
(566, '0d6d24634e9065f3', 5, '2020-06-09 19:31:32', '2020-06-10 01:31:33', 0, 0, '2020-06-09 07:01:32', '127.0.0.1'),
(567, 'a60a3d3692bcfbd1', 5, '2020-06-11 14:10:20', '2020-06-11 20:10:21', 0, 0, '2020-06-11 01:40:20', '127.0.0.1'),
(568, '82fa558f5be0ed56', 1, '2020-06-12 18:02:48', '2020-06-13 00:03:19', 0, 0, '2020-06-12 05:32:48', '127.0.0.1'),
(569, 'c5162c1dc858f8fb', 5, '2020-06-15 13:40:35', '2020-06-15 19:40:42', 0, 0, '2020-06-15 01:10:35', '127.0.0.1'),
(570, 'd776f5e7586948fb', 5, '2020-06-15 13:43:17', '2020-06-15 19:43:17', 0, 0, '2020-06-15 01:13:17', '127.0.0.1'),
(571, '01494425888faae0', 5, '2020-06-15 13:53:32', '2020-06-15 21:28:45', 0, 0, '2020-06-15 01:23:32', '127.0.0.1'),
(572, 'f93ee3af38b9b3fc', 5, '2020-06-15 14:23:32', '2020-06-15 20:27:03', 0, 0, '2020-06-15 01:53:32', '127.0.0.1'),
(573, 'c5bfc6dc7e689091', 5, '2020-06-15 15:05:31', '2020-06-15 21:05:32', 0, 0, '2020-06-15 02:35:31', '127.0.0.1'),
(574, 'a6cf2b72e13187e5', 1, '2020-06-22 10:58:59', '2020-06-22 16:59:06', 0, 0, '2020-06-22 10:58:59', '27.6.224.33'),
(575, '30b000ba362809e3', 1, '2020-06-22 17:10:59', '2020-06-22 23:19:38', 0, 0, '2020-06-22 17:10:59', '127.0.0.1'),
(576, '6e1c77b1beb8046f', 5, '2020-06-22 17:22:44', '2020-06-23 00:14:33', 0, 0, '2020-06-22 17:22:44', '127.0.0.1'),
(577, 'b129d4958b56431b', 1, '2020-06-23 14:15:21', '2020-06-23 20:15:30', 0, 0, '2020-06-23 14:15:21', '127.0.0.1'),
(578, '6f8bd0d8e96710f9', 5, '2020-06-26 18:44:23', '2020-06-27 00:44:25', 0, 0, '2020-06-26 18:44:23', '127.0.0.1'),
(579, '0369c09d9a1f7354', 1, '2020-07-03 12:24:29', '2020-07-03 19:28:47', 0, 0, '2020-07-03 12:24:29', '127.0.0.1'),
(580, '3a2e12c7d5180115', 1, '2020-07-06 18:17:50', '2020-07-07 00:21:07', 0, 0, '2020-07-06 18:17:50', '127.0.0.1'),
(581, 'd98675e73039b072', 5, '2020-07-09 18:29:53', '2020-07-10 00:29:55', 0, 0, '2020-07-09 18:29:53', '127.0.0.1'),
(582, '6878852a859a60c6', 5, '2020-07-21 15:00:19', '2020-07-21 21:00:20', 0, 0, '2020-07-21 15:00:19', '127.0.0.1'),
(583, '0b429ff89feb0f13', 5, '2020-07-21 17:58:43', '2020-07-21 23:58:44', 0, 0, '2020-07-21 17:58:43', '127.0.0.1'),
(584, '51c08ae698e873cd', 5, '2020-07-22 13:45:45', '2020-07-22 19:45:48', 0, 0, '2020-07-22 13:45:45', '127.0.0.1'),
(585, 'dedba5e9cb94fa7c', 5, '2020-07-22 13:48:53', '2020-07-22 19:56:48', 0, 0, '2020-07-22 13:48:53', '127.0.0.1'),
(586, 'c6b35492f7ddbd04', 5, '2020-07-22 15:22:36', '2020-07-22 22:14:30', 0, 0, '2020-07-22 15:22:36', '127.0.0.1'),
(587, 'b49200ecaf0b10a4', 1, '2020-08-17 15:16:21', '2020-08-17 21:19:35', 0, 0, '2020-08-17 15:16:21', '127.0.0.1'),
(588, '2d48d05be3697889', 100, '2020-08-21 17:36:32', '2021-08-21 17:36:32', 0, 0, '2020-08-21 17:36:32', '27.7.250.206'),
(589, 'e4cf602aa262f48b', 100, '2020-08-25 12:39:52', '2021-08-25 12:39:52', 0, 0, '2020-08-25 12:39:52', '27.7.250.206'),
(590, '0eaa4428eaf27c34', 100, '2020-08-25 12:41:06', '2021-08-25 12:41:06', 0, 0, '2020-08-25 12:41:06', '27.7.250.206'),
(591, '63540635b2e61827', 100, '2020-08-25 12:42:09', '2021-08-25 12:42:09', 0, 0, '2020-08-25 12:42:09', '27.7.250.206'),
(592, '9ffb605bb9819c77', 4, '2020-08-25 12:43:18', '2020-08-25 18:43:41', 0, 0, '2020-08-25 12:43:18', '127.0.0.1'),
(593, '3730bbf632261074', 1, '2020-08-25 12:43:53', '2020-08-25 18:48:04', 0, 0, '2020-08-25 12:43:53', '127.0.0.1'),
(594, 'cf9ef405be340616', 1, '2020-08-25 12:56:47', '2020-08-25 19:46:02', 0, 0, '2020-08-25 12:56:47', '127.0.0.1'),
(595, 'bf2f3b30acc3b0c6', 4, '2020-08-25 13:46:16', '2020-08-25 19:46:48', 0, 0, '2020-08-25 13:46:16', '127.0.0.1'),
(596, 'c1434dc510d0d0ae', 1, '2020-08-25 13:47:37', '2020-08-25 20:22:39', 0, 0, '2020-08-25 13:47:37', '127.0.0.1'),
(597, '06643ab708ed3b77', 100, '2020-08-25 13:53:26', '2021-08-25 13:53:26', 0, 0, '2020-08-25 13:53:26', '27.7.250.206'),
(598, '22c395b541c4ee08', 1, '2020-08-26 16:00:30', '2020-08-26 22:00:31', 0, 0, '2020-08-26 16:00:30', '127.0.0.1'),
(599, '314cc2c7c9d24597', 1, '2020-08-28 11:17:52', '2020-08-28 17:23:14', 0, 0, '2020-08-28 11:17:52', '127.0.0.1'),
(600, '00ddeaf4365f0a4c', 1, '2020-08-28 11:24:04', '2020-08-28 17:46:58', 0, 0, '2020-08-28 11:24:04', '127.0.0.1'),
(601, 'ae510b63dbbb551d', 100, '2020-08-28 11:38:12', '2021-08-28 11:38:12', 0, 0, '2020-08-28 11:38:12', '27.6.229.196'),
(602, 'b66c4525dccbc653', 4, '2020-08-28 11:47:08', '2020-08-28 18:31:55', 0, 0, '2020-08-28 11:47:08', '127.0.0.1'),
(603, 'abfce02949670e76', 4, '2020-08-28 12:32:07', '2020-08-28 21:38:16', 0, 0, '2020-08-28 12:32:07', '127.0.0.1'),
(604, '001be69391829787', 5, '2020-09-11 13:15:02', '2020-09-11 19:18:15', 0, 0, '2020-09-11 13:15:02', '127.0.0.1'),
(605, '964f9d28c7a5c2ff', 1, '2020-09-21 11:55:44', '2020-09-21 17:55:44', 0, 0, '2020-09-21 11:55:44', '49.36.54.242'),
(606, '6d26cddec1707729', 1, '2020-09-21 12:52:05', '2020-09-21 18:52:05', 0, 0, '2020-09-21 12:52:05', '49.36.54.242'),
(607, '2dd957ec52e3f06b', 1, '2020-09-21 12:58:53', '2020-09-21 18:58:53', 0, 0, '2020-09-21 12:58:53', '49.36.54.242'),
(608, '42b030cd0654dc42', 1, '2020-09-21 13:02:23', '2020-09-21 19:02:23', 0, 0, '2020-09-21 13:02:23', '49.36.54.242'),
(609, 'dbc650e0094a81f8', 1, '2020-09-25 05:17:26', '2020-09-25 11:17:32', 0, 0, '2020-09-25 05:17:26', '127.0.0.1'),
(610, 'c03e697d0740e089', 1, '2020-09-25 05:25:30', '2020-09-25 11:25:31', 0, 0, '2020-09-25 05:25:30', '127.0.0.1'),
(611, '26c4a5d2c36388e4', 1, '2020-09-25 05:25:46', '2020-09-25 11:40:57', 0, 0, '2020-09-25 05:25:46', '127.0.0.1'),
(612, 'bc916af423d315f1', 1, '2020-09-30 07:36:52', '2020-09-30 13:37:44', 0, 0, '2020-09-30 07:36:52', '127.0.0.1'),
(613, 'a8aa6491fa9ff02c', 1, '2020-09-30 07:58:48', '2020-09-30 15:23:15', 0, 0, '2020-09-30 07:58:48', '127.0.0.1'),
(614, '5a0c25910b2942c3', 1, '2020-10-01 06:27:42', '2020-10-01 12:35:23', 0, 0, '2020-10-01 06:27:42', '127.0.0.1'),
(615, '12d47cbfac6d538a', 1, '2020-10-01 07:37:04', '2020-10-01 13:37:05', 0, 0, '2020-10-01 07:37:04', '127.0.0.1'),
(616, 'bc52615b8cc1f0d0', 1, '2020-10-05 11:09:53', '2020-10-05 17:12:36', 0, 0, '2020-10-05 11:09:53', '127.0.0.1'),
(617, 'b1388cad52fff812', 4, '2020-10-12 05:07:48', '2020-10-12 11:46:27', 0, 0, '2020-10-12 05:07:48', '127.0.0.1'),
(618, '96f2dbbd2a8061d4', 4, '2020-10-12 10:15:55', '2020-10-12 16:16:21', 0, 0, '2020-10-12 10:15:55', '127.0.0.1'),
(619, '164f9ad30f016160', 1, '2020-10-13 12:53:33', '2020-10-13 18:53:34', 0, 0, '2020-10-13 12:53:33', '127.0.0.1'),
(620, '111e4b91b708a298', 1, '2020-10-13 12:54:07', '2020-10-13 20:00:32', 0, 0, '2020-10-13 12:54:07', '127.0.0.1'),
(621, '2f95dfd533e418d8', 1, '2020-10-16 10:28:51', '2020-10-16 16:45:43', 0, 0, '2020-10-16 10:28:51', '127.0.0.1'),
(622, 'a6d99ce51149efb8', 4, '2020-10-19 10:22:08', '2020-10-19 16:23:18', 0, 0, '2020-10-19 10:22:08', '127.0.0.1'),
(623, '911e092474324aca', 4, '2020-10-19 10:25:18', '2020-10-19 16:26:12', 0, 0, '2020-10-19 10:25:18', '127.0.0.1'),
(624, '949e0cd7d8e68bef', 1, '2020-10-19 10:34:00', '2020-10-19 16:34:14', 0, 0, '2020-10-19 10:34:00', '127.0.0.1'),
(625, 'e58acc763d41a82e', 1, '2020-10-19 10:34:25', '2020-10-19 17:02:46', 0, 0, '2020-10-19 10:34:25', '127.0.0.1'),
(626, '73302b8e0997063f', 1, '2020-10-19 10:39:24', '2020-10-19 21:36:13', 0, 0, '2020-10-19 10:39:24', '127.0.0.1'),
(627, 'dfce0cfd3d9a48ce', 1, '2020-10-19 11:03:14', '2020-10-19 17:17:41', 0, 0, '2020-10-19 11:03:14', '127.0.0.1'),
(628, 'c9a34389fedfd093', 100, '2020-10-19 11:34:25', '2021-10-19 11:34:25', 0, 0, '2020-10-19 11:34:25', '27.7.240.6'),
(629, '611bfd155ea59e3d', 100, '2020-10-19 11:34:49', '2021-10-19 11:34:49', 0, 0, '2020-10-19 11:34:49', '27.7.240.6'),
(630, '84c5521b9d5358b4', 1, '2020-10-19 12:04:30', '2020-10-19 21:45:11', 0, 0, '2020-10-19 12:04:30', '127.0.0.1'),
(631, 'a25145c5dcc37d81', 100, '2020-10-19 12:16:21', '2021-10-19 12:16:21', 0, 0, '2020-10-19 12:16:21', '157.34.123.199'),
(632, '2cdf70e2857daec1', 100, '2020-10-19 12:16:54', '2021-10-19 12:16:54', 0, 0, '2020-10-19 12:16:54', '157.34.123.199'),
(633, '59fce0c3a192c9f6', 100, '2020-10-19 12:18:14', '2021-10-19 12:18:14', 0, 0, '2020-10-19 12:18:14', '157.34.123.199'),
(634, '1c64ea9ad11c53be', 100, '2020-10-19 12:22:23', '2021-10-19 12:22:23', 0, 0, '2020-10-19 12:22:23', '157.34.123.199'),
(635, '5d4ec9b616f1676a', 1, '2020-10-20 16:44:34', '2020-10-21 00:00:37', 0, 0, '2020-10-20 16:44:34', '127.0.0.1'),
(636, 'b25df9c8a8a94579', 1, '2020-10-20 18:49:52', '2020-10-21 00:59:33', 0, 0, '2020-10-20 18:49:52', '127.0.0.1'),
(637, '6aa2dbc0bc46e4d6', 1, '2020-10-24 13:16:04', '2020-10-24 19:18:13', 0, 0, '2020-10-24 13:16:04', '127.0.0.1'),
(638, '25ea00b0c00bc646', 1, '2020-10-24 13:21:31', '2020-10-24 21:12:03', 0, 0, '2020-10-24 13:21:31', '127.0.0.1'),
(639, '31572318fd519523', 1, '2020-10-27 12:56:15', '2020-10-27 21:14:13', 0, 0, '2020-10-27 12:56:15', '127.0.0.1'),
(640, '61a7e6cf67bfb258', 1, '2020-10-27 15:14:15', '2020-10-27 21:42:13', 0, 0, '2020-10-27 15:14:15', '127.0.0.1'),
(641, 'bbbc7fe2e74140be', 1, '2020-10-27 16:46:47', '2020-10-28 01:26:21', 0, 0, '2020-10-27 16:46:47', '127.0.0.1'),
(642, '3d6f0329f1d11977', 1, '2020-10-30 18:11:00', '2020-10-31 00:11:01', 0, 0, '2020-10-30 18:11:00', '127.0.0.1'),
(643, '8661e9ca42847d7c', 1, '2020-10-30 18:23:17', '2020-10-31 00:23:47', 0, 0, '2020-10-30 18:23:17', '127.0.0.1'),
(644, 'c80047d54c02c1ef', 1, '2020-10-30 19:23:43', '2020-10-31 01:23:45', 0, 0, '2020-10-30 19:23:43', '127.0.0.1'),
(645, '9ed21e8edaf0901c', 1, '2020-11-11 19:31:29', '2020-11-12 01:31:29', 0, 0, '2020-11-11 19:31:29', '49.36.41.69'),
(646, '51c81093126ba6d7', 1, '2020-11-12 03:44:31', '2020-11-12 09:44:32', 0, 0, '2020-11-12 03:44:31', '127.0.0.1'),
(647, 'aecb418769ee3d05', 1, '2020-11-18 13:53:34', '2020-11-18 19:53:34', 0, 0, '2020-11-18 13:53:34', '49.36.41.21'),
(648, '277e3c8dd94a6647', 1, '2020-11-18 13:54:08', '2020-11-18 19:54:08', 0, 0, '2020-11-18 13:54:08', '49.36.41.21'),
(649, '104509bd0d895b44', 1, '2020-11-18 13:55:33', '2020-11-18 19:55:33', 0, 0, '2020-11-18 13:55:33', '49.36.41.21'),
(650, '9879865036ba6d29', 1, '2020-11-18 13:55:35', '2020-11-18 19:55:35', 0, 0, '2020-11-18 13:55:35', '49.36.41.21'),
(651, '7a8c44029494a816', 1, '2020-11-18 13:55:46', '2020-11-18 19:55:46', 0, 0, '2020-11-18 13:55:46', '49.36.41.21'),
(652, '5cfe293574da7781', 1, '2020-11-18 13:55:47', '2020-11-18 19:55:47', 0, 0, '2020-11-18 13:55:47', '49.36.41.21'),
(653, '33c6d59785988096', 1, '2020-11-18 13:55:47', '2020-11-18 19:55:47', 0, 0, '2020-11-18 13:55:47', '49.36.41.21'),
(654, '44a1e8a934f79cb6', 1, '2020-11-18 13:55:47', '2020-11-18 19:55:47', 0, 0, '2020-11-18 13:55:47', '49.36.41.21'),
(655, '8ce98de17a441432', 1, '2020-11-18 13:55:47', '2020-11-18 19:55:47', 0, 0, '2020-11-18 13:55:47', '49.36.41.21'),
(656, '877d32f6b1b03c0b', 1, '2020-11-18 13:56:09', '2020-11-18 19:56:09', 0, 0, '2020-11-18 13:56:09', '49.36.41.21'),
(657, '3a680d260980fcc2', 1, '2020-11-18 13:56:10', '2020-11-18 19:56:10', 0, 0, '2020-11-18 13:56:10', '49.36.41.21'),
(658, '510423538f1c3266', 1, '2020-11-18 13:56:10', '2020-11-18 19:56:10', 0, 0, '2020-11-18 13:56:10', '49.36.41.21'),
(659, '21abfdd2333afac5', 1, '2020-11-18 13:56:10', '2020-11-18 19:56:10', 0, 0, '2020-11-18 13:56:10', '49.36.41.21'),
(660, '82caad1c6b4ea7a6', 1, '2020-11-18 13:56:11', '2020-11-18 19:56:11', 0, 0, '2020-11-18 13:56:11', '49.36.41.21'),
(661, '247dcd63c2939c5d', 1, '2020-11-18 13:56:15', '2020-11-18 19:56:15', 0, 0, '2020-11-18 13:56:15', '49.36.41.21'),
(662, '9e328bb86e247e71', 1, '2020-11-18 13:57:37', '2020-11-18 19:57:37', 0, 0, '2020-11-18 13:57:37', '49.36.41.21'),
(663, 'b7fe6835b42a4e2a', 1, '2020-11-18 13:58:17', '2020-11-18 19:58:17', 0, 0, '2020-11-18 13:58:17', '49.36.41.21'),
(664, '72d9611a5601fac4', 1, '2020-11-18 13:58:18', '2020-11-18 19:58:18', 0, 0, '2020-11-18 13:58:18', '49.36.41.21'),
(665, '580d7ec9965cfb03', 1, '2020-11-18 13:58:20', '2020-11-18 19:58:20', 0, 0, '2020-11-18 13:58:20', '49.36.41.21'),
(666, '6994ed66b37f821e', 1, '2020-11-18 13:58:20', '2020-11-18 19:58:20', 0, 0, '2020-11-18 13:58:20', '49.36.41.21'),
(667, 'b54faed0378f6619', 1, '2020-11-18 13:58:20', '2020-11-18 19:58:20', 0, 0, '2020-11-18 13:58:20', '49.36.41.21'),
(668, 'df6eb2f4a9d5da05', 1, '2020-11-18 13:58:39', '2020-11-18 19:58:39', 0, 0, '2020-11-18 13:58:39', '49.36.41.21'),
(669, 'd51b4237534eaa82', 1, '2020-11-18 13:58:45', '2020-11-18 19:58:45', 0, 0, '2020-11-18 13:58:45', '49.36.41.21'),
(670, 'eff275607f623335', 1, '2020-11-18 13:58:45', '2020-11-18 19:58:45', 0, 0, '2020-11-18 13:58:45', '49.36.41.21'),
(671, '42680de92e708de2', 1, '2020-11-18 13:58:45', '2020-11-18 19:58:45', 0, 0, '2020-11-18 13:58:45', '49.36.41.21'),
(672, '7b297ca3bfd94668', 1, '2020-11-18 13:58:45', '2020-11-18 19:58:45', 0, 0, '2020-11-18 13:58:45', '49.36.41.21'),
(673, '0ca32575e32fe750', 1, '2020-11-18 13:58:45', '2020-11-18 19:58:45', 0, 0, '2020-11-18 13:58:45', '49.36.41.21'),
(674, '0c2e9aed48956dac', 1, '2020-11-18 13:58:46', '2020-11-18 19:58:46', 0, 0, '2020-11-18 13:58:46', '49.36.41.21'),
(675, '36ae7dcc953a8ba2', 1, '2020-11-18 13:58:47', '2020-11-18 19:58:47', 0, 0, '2020-11-18 13:58:47', '49.36.41.21'),
(676, '678c8dd02aa7d4d7', 1, '2020-11-18 13:58:48', '2020-11-18 19:58:48', 0, 0, '2020-11-18 13:58:48', '49.36.41.21'),
(677, 'b22981191e744556', 1, '2020-11-18 13:58:48', '2020-11-18 19:58:48', 0, 0, '2020-11-18 13:58:48', '49.36.41.21'),
(678, '363d5c9c2cdf9ba3', 1, '2020-11-18 13:58:48', '2020-11-18 19:58:48', 0, 0, '2020-11-18 13:58:48', '49.36.41.21'),
(679, '5bebc2e4e68b726a', 1, '2020-11-18 13:58:48', '2020-11-18 19:58:48', 0, 0, '2020-11-18 13:58:48', '49.36.41.21'),
(680, '19f4944439123b88', 1, '2020-11-18 13:58:57', '2020-11-18 19:58:57', 0, 0, '2020-11-18 13:58:57', '49.36.41.21'),
(681, 'db095d57e802bffa', 1, '2020-11-18 13:59:37', '2020-11-18 19:59:37', 0, 0, '2020-11-18 13:59:37', '49.36.41.21'),
(682, '77e07367f8dc2d6c', 1, '2020-11-18 13:59:38', '2020-11-18 19:59:38', 0, 0, '2020-11-18 13:59:38', '49.36.41.21'),
(683, '41681bfcfb68b37e', 1, '2020-11-18 13:59:39', '2020-11-18 19:59:39', 0, 0, '2020-11-18 13:59:39', '49.36.41.21'),
(684, '8f0db19f22f1196a', 1, '2020-11-18 13:59:57', '2020-11-18 19:59:57', 0, 0, '2020-11-18 13:59:57', '49.36.41.21'),
(685, 'f9e8a2b8a224aee7', 1, '2020-11-18 14:00:00', '2020-11-18 20:00:00', 0, 0, '2020-11-18 14:00:00', '49.36.41.21'),
(686, 'a13e6a57664bc471', 1, '2020-11-18 14:00:01', '2020-11-18 20:00:01', 0, 0, '2020-11-18 14:00:01', '49.36.41.21'),
(687, 'ee85b92c79d76694', 1, '2020-11-18 14:00:01', '2020-11-18 20:00:01', 0, 0, '2020-11-18 14:00:01', '49.36.41.21'),
(688, '3a1eb188636aa81d', 1, '2020-11-18 14:00:02', '2020-11-18 20:00:02', 0, 0, '2020-11-18 14:00:02', '49.36.41.21'),
(689, 'a13ca730ee768cac', 1, '2020-11-18 14:00:02', '2020-11-18 20:00:02', 0, 0, '2020-11-18 14:00:02', '49.36.41.21'),
(690, '10671210672024e7', 1, '2020-11-18 14:00:15', '2020-11-18 20:00:15', 0, 0, '2020-11-18 14:00:15', '49.36.41.21'),
(691, 'a998b526d75b9124', 1, '2020-11-18 14:00:16', '2020-11-18 20:00:16', 0, 0, '2020-11-18 14:00:16', '49.36.41.21'),
(692, '89421c5cae66d0bd', 1, '2020-11-18 14:00:16', '2020-11-18 20:00:16', 0, 0, '2020-11-18 14:00:16', '49.36.41.21'),
(693, '47d34a89196cbb9e', 1, '2020-11-18 14:00:16', '2020-11-18 20:00:16', 0, 0, '2020-11-18 14:00:16', '49.36.41.21'),
(694, 'a405f265e7498f83', 1, '2020-11-18 14:00:16', '2020-11-18 20:00:16', 0, 0, '2020-11-18 14:00:16', '49.36.41.21'),
(695, 'f86a2814ecdf9291', 1, '2020-11-18 14:00:29', '2020-11-18 20:00:29', 0, 0, '2020-11-18 14:00:29', '49.36.41.21'),
(696, '8fc1a711b0ccf700', 1, '2020-11-18 14:00:29', '2020-11-18 20:00:29', 0, 0, '2020-11-18 14:00:29', '49.36.41.21'),
(697, '6affbeeeb0af6df1', 1, '2020-11-18 14:00:30', '2020-11-18 20:00:30', 0, 0, '2020-11-18 14:00:30', '49.36.41.21'),
(698, 'd842e91b505d1f88', 1, '2020-11-18 14:00:30', '2020-11-18 20:00:30', 0, 0, '2020-11-18 14:00:30', '49.36.41.21'),
(699, '3182e0d33078ba85', 1, '2020-11-18 14:00:32', '2020-11-18 20:00:32', 0, 0, '2020-11-18 14:00:32', '49.36.41.21'),
(700, '39de453f75d2f0e8', 1, '2020-11-18 14:00:42', '2020-11-18 20:00:42', 0, 0, '2020-11-18 14:00:42', '49.36.41.21'),
(701, '8c789ce8c718e949', 1, '2020-11-18 14:01:19', '2020-11-18 20:01:19', 0, 0, '2020-11-18 14:01:19', '49.36.41.21'),
(702, '3c09b34200690b27', 1, '2020-11-18 14:01:22', '2020-11-18 20:01:22', 0, 0, '2020-11-18 14:01:22', '49.36.41.21'),
(703, '94fd17744d303c5f', 1, '2020-11-18 14:01:30', '2020-11-18 20:01:30', 0, 0, '2020-11-18 14:01:30', '49.36.41.21'),
(704, '292ac238d4dd1d6a', 1, '2020-11-18 14:01:31', '2020-11-18 20:01:31', 0, 0, '2020-11-18 14:01:31', '49.36.41.21'),
(705, '7a645f2f788da120', 1, '2020-11-18 14:08:00', '2020-11-18 20:08:00', 0, 0, '2020-11-18 14:08:00', '49.36.41.21'),
(706, '1c935d319a7936df', 1, '2020-11-18 14:08:05', '2020-11-18 20:08:05', 0, 0, '2020-11-18 14:08:05', '49.36.41.21'),
(707, '1d1dbbcf5853e19b', 1, '2020-11-18 14:08:05', '2020-11-18 20:08:05', 0, 0, '2020-11-18 14:08:05', '49.36.41.21'),
(708, 'eb9792b5dbb62f65', 1, '2020-11-18 14:08:06', '2020-11-18 20:08:06', 0, 0, '2020-11-18 14:08:06', '49.36.41.21'),
(709, '24def3bf44ad6458', 1, '2020-11-18 14:08:13', '2020-11-18 20:08:13', 0, 0, '2020-11-18 14:08:13', '49.36.41.21'),
(710, 'fb2cb62be7158bb9', 1, '2020-11-18 14:20:22', '2020-11-18 20:20:22', 0, 0, '2020-11-18 14:20:22', '49.36.41.21'),
(711, '7e584fa19ca76836', 1, '2020-11-18 14:21:05', '2020-11-18 20:21:05', 0, 0, '2020-11-18 14:21:05', '49.36.41.21'),
(712, 'b1e7793039299b44', 1, '2020-11-18 14:21:21', '2020-11-18 20:21:21', 0, 0, '2020-11-18 14:21:21', '49.36.41.21'),
(713, '9389304136b60daa', 1, '2020-11-18 14:21:33', '2020-11-18 20:21:33', 0, 0, '2020-11-18 14:21:33', '49.36.41.21'),
(714, '1f68767b87f4a6fd', 1, '2020-11-18 14:21:46', '2020-11-18 20:21:46', 0, 0, '2020-11-18 14:21:46', '49.36.41.21'),
(715, '783270b3c895d499', 1, '2020-11-18 14:22:25', '2020-11-18 20:22:25', 0, 0, '2020-11-18 14:22:25', '49.36.41.21'),
(716, '204e741b41b592d2', 1, '2020-11-18 14:22:31', '2020-11-18 20:22:31', 0, 0, '2020-11-18 14:22:31', '49.36.41.21'),
(717, 'af1f05f2d20d952e', 1, '2020-11-18 14:23:45', '2020-11-18 20:23:45', 0, 0, '2020-11-18 14:23:45', '49.36.41.21'),
(718, '2b64c650af25ee6d', 1, '2020-11-18 14:24:06', '2020-11-18 20:24:06', 0, 0, '2020-11-18 14:24:06', '49.36.41.21'),
(719, '7159a4cc8d142c86', 1, '2020-11-18 15:31:16', '2020-11-18 21:31:16', 0, 0, '2020-11-18 15:31:16', '49.36.41.21'),
(720, 'c9221445a3cb0e3e', 1, '2020-11-18 15:32:31', '2020-11-18 21:32:31', 0, 0, '2020-11-18 15:32:31', '49.36.41.21'),
(721, '7a2c3404ce347a01', 1, '2020-11-18 15:33:00', '2020-11-18 21:33:00', 0, 0, '2020-11-18 15:33:00', '49.36.41.21'),
(722, '8dcb96c44b96eec0', 1, '2020-11-18 15:47:37', '2020-11-18 21:47:37', 0, 0, '2020-11-18 15:47:37', '49.36.41.21'),
(723, '3ab3005435ac1683', 1, '2020-11-18 15:48:03', '2020-11-18 21:48:03', 0, 0, '2020-11-18 15:48:03', '49.36.41.21'),
(724, '67613781ca9c5c22', 1, '2020-11-18 15:49:01', '2020-11-18 21:49:01', 0, 0, '2020-11-18 15:49:01', '49.36.41.21'),
(725, '2b74668dc9a549e6', 1, '2020-11-18 15:51:09', '2020-11-18 21:51:09', 0, 0, '2020-11-18 15:51:09', '49.36.41.21'),
(726, '00af1159cafa5621', 1, '2020-11-18 16:07:43', '2020-11-18 22:07:43', 0, 0, '2020-11-18 16:07:43', '49.36.41.21'),
(727, '39a349442911f7a8', 1, '2020-11-18 16:12:32', '2020-11-18 22:12:32', 0, 0, '2020-11-18 16:12:32', '49.36.41.21'),
(728, '5e74498fc6baf7ed', 1, '2020-11-18 16:13:05', '2020-11-18 22:13:05', 0, 0, '2020-11-18 16:13:05', '49.36.41.21'),
(729, '9f5bb0b2b9055eca', 1, '2020-11-18 16:13:23', '2020-11-18 22:13:23', 0, 0, '2020-11-18 16:13:23', '49.36.41.21'),
(730, '5da860d673f5a935', 1, '2020-11-18 16:13:57', '2020-11-18 22:13:57', 0, 0, '2020-11-18 16:13:57', '49.36.41.21'),
(731, '2d7557d138b44fd8', 1, '2020-11-18 16:15:36', '2020-11-18 22:15:36', 0, 0, '2020-11-18 16:15:36', '49.36.41.21'),
(732, '86c5a5473ddce630', 1, '2020-11-18 16:25:10', '2020-11-18 22:25:10', 0, 0, '2020-11-18 16:25:10', '49.36.41.21'),
(733, 'ff64a8382d2f3ca7', 1, '2020-11-18 16:25:27', '2020-11-18 22:25:27', 0, 0, '2020-11-18 16:25:27', '49.36.41.21'),
(734, '1344eeb59a579b75', 1, '2020-11-18 16:34:19', '2020-11-18 22:34:19', 0, 0, '2020-11-18 16:34:19', '49.36.41.21'),
(735, '96c9a46a1e1f76db', 1, '2020-11-18 16:54:23', '2020-11-18 22:54:23', 0, 0, '2020-11-18 16:54:23', '49.36.41.21'),
(736, '4ca2f567f5f13512', 1, '2020-11-18 16:56:47', '2020-11-18 22:56:47', 0, 0, '2020-11-18 16:56:47', '49.36.41.21'),
(737, 'cd5dba593586a9ae', 1, '2020-11-18 16:57:28', '2020-11-18 22:57:28', 0, 0, '2020-11-18 16:57:28', '49.36.41.21'),
(738, 'bfe31a43618aadc3', 1, '2020-11-18 16:58:18', '2020-11-18 22:58:18', 0, 0, '2020-11-18 16:58:18', '49.36.41.21');
INSERT INTO `auth_token` (`token_id`, `token_code`, `user_id`, `created_on`, `expire_on`, `is_active`, `is_deleted`, `last_login`, `ip`) VALUES
(739, 'bf2675d4ffe438ba', 1, '2020-11-18 16:59:56', '2020-11-18 22:59:56', 0, 0, '2020-11-18 16:59:56', '49.36.41.21'),
(740, 'ca0612795b1942fe', 1, '2020-11-18 17:02:52', '2020-11-18 23:02:52', 0, 0, '2020-11-18 17:02:52', '49.36.41.21'),
(741, '809a5eb9ee4ac1c0', 2, '2020-11-18 17:03:18', '2020-11-18 23:03:18', 0, 0, '2020-11-18 17:03:18', '49.36.41.21'),
(742, 'd9a997b237a8eccc', 1, '2020-11-18 17:15:56', '2020-11-18 23:15:56', 0, 0, '2020-11-18 17:15:56', '49.36.41.21'),
(743, 'ca883c6affbde9d0', 1, '2020-11-18 17:16:55', '2020-11-18 23:16:55', 0, 0, '2020-11-18 17:16:55', '49.36.41.21'),
(744, 'a375d5e9237570ff', 1, '2020-11-18 17:20:41', '2020-11-18 23:20:41', 0, 0, '2020-11-18 17:20:41', '49.36.41.21'),
(745, '0aa7fefc92cca0d5', 1, '2020-11-18 17:25:13', '2020-11-18 23:25:13', 0, 0, '2020-11-18 17:25:13', '49.36.41.21'),
(746, '1296213522996746', 1, '2020-11-18 17:28:14', '2020-11-18 23:28:14', 0, 0, '2020-11-18 17:28:14', '49.36.41.21'),
(747, '8b79ae0434dba20d', 1, '2020-11-21 13:47:43', '2020-11-21 19:47:43', 0, 0, '2020-11-21 13:47:43', '49.36.41.21'),
(748, '42fcfbae27057336', 1, '2020-11-21 13:48:10', '2020-11-21 19:48:10', 0, 0, '2020-11-21 13:48:10', '49.36.41.21'),
(749, '8b5130415f4e4962', 1, '2020-11-28 11:31:05', '2020-11-28 17:31:06', 0, 0, '2020-11-28 11:31:05', '127.0.0.1'),
(750, 'b9b4167d95ed0b39', 1, '2021-02-25 21:41:11', '2021-02-26 03:42:13', 0, 0, '2021-02-25 21:41:11', '127.0.0.1'),
(751, 'd3a21f170292e307', 1, '2021-03-24 13:05:48', '2021-03-24 19:15:39', 0, 0, '2021-03-24 13:05:48', '127.0.0.1'),
(752, '48ff17c3315cd58b', 1, '2021-03-24 13:29:38', '2021-03-24 19:29:38', 0, 0, '2021-03-24 13:29:38', '127.0.0.1'),
(753, 'ee0796a0a65a837d', 1, '2021-03-24 13:30:44', '2021-03-24 14:09:36', 0, 0, '2021-03-24 13:30:44', '127.0.0.1'),
(754, '95e7773d7bc8a836', 1, '2021-03-25 18:03:40', '2021-03-25 18:36:19', 0, 0, '2021-03-25 18:03:40', '127.0.0.1'),
(755, '8389aaaa2ceea8ea', 1, '2021-03-26 15:53:55', '2021-03-26 16:59:36', 0, 0, '2021-03-26 15:53:55', '::1'),
(756, 'f3227db75f5f4e0d', 1, '2021-03-26 17:35:27', '2021-03-26 18:14:45', 0, 0, '2021-03-26 17:35:27', '127.0.0.1'),
(757, '83e354cff1e9251c', 1, '2021-03-26 18:43:23', '2021-03-26 19:13:24', 0, 0, '2021-03-26 18:43:23', '127.0.0.1'),
(758, '5ea5710b050f4269', 1, '2021-03-26 18:46:52', '2021-03-26 19:17:05', 0, 0, '2021-03-26 18:46:52', '127.0.0.1'),
(759, 'b3aadfc519b0d301', 1, '2021-03-26 18:59:41', '2021-03-26 19:29:42', 0, 0, '2021-03-26 18:59:41', '127.0.0.1'),
(760, 'a7b1173c6540266f', 1, '2021-03-26 19:01:36', '2021-03-26 19:31:37', 0, 0, '2021-03-26 19:01:36', '127.0.0.1'),
(761, '6aea4a19e9f78645', 1, '2021-03-27 15:08:19', '2021-03-27 15:38:21', 0, 0, '2021-03-27 15:08:19', '127.0.0.1'),
(762, '9571b2293b7267ad', 1, '2021-03-27 15:28:39', '2021-03-27 15:58:40', 0, 0, '2021-03-27 15:28:39', '127.0.0.1'),
(763, 'f61679e59c30a147', 1, '2021-03-27 15:30:09', '2021-03-27 16:00:11', 0, 0, '2021-03-27 15:30:09', '127.0.0.1'),
(764, 'bce2e4177ff4112e', 1, '2021-03-27 16:08:14', '2021-03-27 16:38:16', 0, 0, '2021-03-27 16:08:14', '127.0.0.1'),
(765, '17dc1adc62d7459f', 1, '2021-03-27 17:04:39', '2021-03-27 18:03:09', 0, 0, '2021-03-27 17:04:39', '::1'),
(766, '6ac039edc84b7f32', 1, '2021-03-27 17:15:01', '2021-03-27 17:46:05', 0, 0, '2021-03-27 17:15:01', '127.0.0.1'),
(767, '55439f8a293d1c00', 1, '2021-03-27 17:51:39', '2021-03-27 19:46:35', 0, 0, '2021-03-27 17:51:39', '127.0.0.1'),
(768, '779845c77baa7807', 1, '2021-03-30 12:09:53', '2021-03-30 12:41:12', 0, 0, '2021-03-30 12:09:54', '127.0.0.1'),
(769, '3d88718bbb51e8ce', 1, '2021-03-30 13:28:12', '2021-03-30 13:59:11', 0, 0, '2021-03-30 13:28:12', '127.0.0.1'),
(770, 'a519cb8c3d47e3ae', 1, '2021-03-30 16:17:13', '2021-03-30 17:05:31', 0, 0, '2021-03-30 16:17:13', '127.0.0.1'),
(771, 'cef1f0d8e89bac93', 1, '2021-03-30 18:17:40', '2021-03-30 19:29:19', 0, 0, '2021-03-30 18:17:40', '127.0.0.1'),
(772, '998ad380d514054d', 1, '2021-03-30 18:51:22', '2021-03-31 00:51:22', 0, 0, '2021-03-30 18:51:22', '::1'),
(773, '9a030afe7180b00e', 1, '2021-03-30 18:51:45', '2021-03-30 19:22:08', 0, 0, '2021-03-30 18:51:45', '::1'),
(774, 'a62e94391359efe9', 1, '2021-03-31 10:31:55', '2021-03-31 13:36:46', 0, 0, '2021-03-31 10:31:55', '127.0.0.1'),
(775, '627b37a20dd9c32d', 1, '2021-03-31 10:43:14', '2021-03-31 11:13:27', 0, 0, '2021-03-31 10:43:14', '::1'),
(776, 'a3e95a917d620932', 1, '2021-03-31 12:47:37', '2021-03-31 13:23:53', 0, 0, '2021-03-31 12:47:37', '::1'),
(777, '3fdd16edcf382723', 1, '2021-03-31 14:00:27', '2021-03-31 15:11:47', 0, 0, '2021-03-31 14:00:27', '127.0.0.1'),
(778, '1e7cfb6df5c6964b', 1, '2021-03-31 14:27:50', '2021-03-31 14:57:56', 0, 0, '2021-03-31 14:27:50', '::1'),
(779, 'a63720de0fe1bfef', 1, '2021-03-31 15:22:06', '2021-03-31 16:00:43', 0, 0, '2021-03-31 15:22:06', '127.0.0.1'),
(780, 'bf80186f908b278f', 1, '2021-03-31 15:30:52', '2021-03-31 16:01:00', 0, 0, '2021-03-31 15:30:52', '127.0.0.1'),
(781, '3a1aed8337d6d37c', 1, '2021-03-31 15:32:02', '2021-03-31 16:04:30', 0, 0, '2021-03-31 15:32:02', '127.0.0.1'),
(782, '495abeac988911fe', 1, '2021-03-31 16:52:07', '2021-03-31 17:22:08', 0, 0, '2021-03-31 16:52:07', '127.0.0.1'),
(783, 'e79bae0a73007eb0', 1, '2021-04-01 13:29:47', '2021-04-01 13:59:59', 0, 0, '2021-04-01 13:29:47', '::1'),
(784, '54fefa3f20371469', 1, '2021-04-03 10:19:43', '2021-04-03 10:53:12', 0, 0, '2021-04-03 10:19:43', '127.0.0.1'),
(785, 'd8c4ec8d92a8e0cc', 1, '2021-04-06 11:58:17', '2021-04-06 17:58:17', 0, 0, '2021-04-06 11:58:17', '::1'),
(786, '3e9ed9c8148c876b', 1, '2021-04-06 16:30:00', '2021-04-06 17:05:44', 0, 0, '2021-04-06 16:30:00', '127.0.0.1'),
(787, 'b9c9e7de81cf1cdd', 1, '2021-04-06 18:54:54', '2021-04-06 19:49:20', 0, 0, '2021-04-06 18:54:54', '127.0.0.1'),
(788, '8cc00d891f62b54e', 1, '2021-04-17 12:01:51', '2021-04-17 18:01:51', 0, 0, '2021-04-17 12:01:51', '::1'),
(789, '6c6de63bf655bc47', 1, '2021-04-19 10:37:57', '2021-04-19 11:08:22', 0, 0, '2021-04-19 10:37:57', '127.0.0.1'),
(790, 'b9c886bcaa3331e1', 1, '2021-04-19 10:40:28', '2021-04-19 12:03:31', 0, 0, '2021-04-19 10:40:28', '127.0.0.1'),
(791, '9b8a7e7e4f0b27a3', 1, '2021-04-19 13:30:36', '2021-04-19 15:31:42', 0, 0, '2021-04-19 13:30:36', '127.0.0.1'),
(792, 'd2c6026fa3646283', 1, '2021-04-19 16:29:51', '2021-04-19 19:47:39', 0, 0, '2021-04-19 16:29:51', '127.0.0.1'),
(793, '6b25bda49fc44005', 1, '2021-04-19 17:51:21', '2021-04-19 18:28:08', 0, 0, '2021-04-19 17:51:21', '::1'),
(794, 'b6aedc7feb3f3a2a', 1, '2021-04-19 19:50:51', '2021-04-19 20:23:30', 0, 0, '2021-04-19 19:50:51', '127.0.0.1'),
(795, '195d77731d109717', 1, '2021-04-19 20:42:26', '2021-04-19 21:52:18', 0, 0, '2021-04-19 20:42:26', '127.0.0.1'),
(796, '0e98a631bdd11fb8', 1, '2021-04-19 22:05:10', '2021-04-19 22:42:05', 0, 0, '2021-04-19 22:05:10', '127.0.0.1'),
(797, 'c0d14a5899cff4d1', 1, '2021-04-19 23:58:39', '2021-04-20 00:33:19', 0, 0, '2021-04-19 23:58:39', '127.0.0.1'),
(798, '3bb9b7d8113bc03b', 1, '2021-04-20 00:39:47', '2021-04-20 01:12:06', 0, 0, '2021-04-20 00:39:47', '127.0.0.1'),
(799, '9300b8c4ed93bd44', 1, '2021-04-20 11:40:51', '2021-04-20 12:54:07', 0, 0, '2021-04-20 11:40:51', '127.0.0.1'),
(800, 'f334e52db41d85ca', 1, '2021-04-20 11:54:00', '2021-04-20 12:25:52', 0, 0, '2021-04-20 11:54:00', '::1'),
(801, '147efb9162f1a0aa', 1, '2021-04-20 13:45:30', '2021-04-20 14:15:56', 0, 0, '2021-04-20 13:45:30', '127.0.0.1'),
(802, 'c74440f6d6fe17fd', 1, '2021-04-20 14:29:41', '2021-04-20 15:03:59', 0, 0, '2021-04-20 14:29:41', '127.0.0.1'),
(803, '6a361e4dcc705772', 1, '2021-04-20 16:05:14', '2021-04-20 16:53:26', 0, 0, '2021-04-20 16:05:14', '127.0.0.1'),
(804, 'e8d8263025b32c5f', 1, '2021-04-20 17:17:03', '2021-04-20 18:07:37', 0, 0, '2021-04-20 17:17:03', '127.0.0.1'),
(805, '944ad905f6eb8cb7', 1, '2021-04-20 20:11:40', '2021-04-20 21:02:43', 0, 0, '2021-04-20 20:11:40', '127.0.0.1'),
(806, '39581eb5b33066e3', 1, '2021-04-21 12:13:42', '2021-04-21 13:21:22', 0, 0, '2021-04-21 12:13:42', '127.0.0.1'),
(807, 'ddbaec599d9e7f2d', 1, '2021-04-21 13:41:14', '2021-04-21 14:22:34', 0, 0, '2021-04-21 13:41:14', '127.0.0.1'),
(808, '34b4473e84b1cc0e', 1, '2021-04-21 16:19:57', '2021-04-21 18:15:04', 0, 0, '2021-04-21 16:19:57', '127.0.0.1'),
(809, '953d6c90079d34fb', 1, '2021-04-21 18:15:53', '2021-04-21 18:47:27', 0, 0, '2021-04-21 18:15:53', '127.0.0.1'),
(810, '0f85e3dfb0e7deb6', 1, '2021-04-21 19:54:15', '2021-04-21 20:32:54', 0, 0, '2021-04-21 19:54:15', '127.0.0.1'),
(811, 'e3e5f52947f10410', 1, '2021-04-21 20:44:49', '2021-04-21 21:35:15', 0, 0, '2021-04-21 20:44:49', '127.0.0.1'),
(812, 'b2269476285dee01', 1, '2021-04-22 09:47:47', '2021-04-22 10:59:04', 0, 0, '2021-04-22 09:47:47', '127.0.0.1'),
(813, 'a15b9cbbdb6bd02a', 1, '2021-04-22 11:18:08', '2021-04-22 12:20:46', 0, 0, '2021-04-22 11:18:08', '127.0.0.1'),
(814, '4302e7d1df11ef00', 1, '2021-04-22 12:11:31', '2021-04-22 13:14:20', 0, 0, '2021-04-22 12:11:31', '::1'),
(815, 'eec986d8afbfb3a4', 1, '2021-04-22 12:46:27', '2021-04-22 16:06:42', 0, 0, '2021-04-22 12:46:27', '127.0.0.1'),
(816, 'b4da322581d67af3', 1, '2021-04-22 20:12:45', '2021-04-22 20:48:08', 0, 0, '2021-04-22 20:12:45', '::1'),
(817, '5984fea9cc75b35d', 1, '2021-04-22 21:06:46', '2021-04-22 21:39:24', 0, 0, '2021-04-22 21:06:46', '127.0.0.1'),
(818, '04fffcd4dba046eb', 1, '2021-04-23 12:51:58', '2021-04-23 20:09:06', 0, 0, '2021-04-23 12:51:58', '127.0.0.1'),
(819, '25fd5a5202f338f3', 1, '2021-04-23 15:19:20', '2021-04-23 21:19:27', 0, 0, '2021-04-23 15:19:20', '127.0.0.1'),
(820, 'eff32c9e1df9e4a5', 1, '2021-04-23 17:03:51', '2021-04-24 00:19:11', 0, 0, '2021-04-23 17:03:51', '127.0.0.1'),
(821, 'd5b4c92307813107', 1, '2021-04-24 18:35:24', '2021-04-25 00:36:47', 0, 0, '2021-04-24 18:35:24', '::1'),
(822, '136085d0ba49c8b5', 1, '2021-04-26 18:41:58', '2021-04-27 00:43:43', 0, 0, '2021-04-26 18:41:58', '127.0.0.1'),
(823, 'd6aebad18e0b34b9', 1, '2021-04-26 18:43:54', '2021-04-27 00:43:54', 0, 0, '2021-04-26 18:43:54', '127.0.0.1'),
(824, '9a94c6949271ef91', 1, '2021-04-26 18:44:20', '2021-04-27 00:46:58', 0, 0, '2021-04-26 18:44:20', '127.0.0.1'),
(825, 'bdd912432eeb1b87', 1, '2021-04-27 20:29:24', '2021-04-28 03:44:02', 0, 0, '2021-04-27 20:29:24', '127.0.0.1'),
(826, '50b6a65a7111a9e8', 1, '2021-04-28 19:34:01', '2021-04-29 03:54:59', 0, 0, '2021-04-28 19:34:01', '127.0.0.1'),
(827, '681506e65222d8b0', 1, '2021-04-29 10:28:02', '2021-04-29 18:30:01', 0, 0, '2021-04-29 10:28:02', '127.0.0.1'),
(828, '177c4e08fa4012fa', 1, '2021-04-29 12:30:11', '2021-04-29 18:31:02', 0, 0, '2021-04-29 12:30:11', '127.0.0.1'),
(829, '284274f21efa881b', 1, '2021-04-30 18:55:37', '2021-05-01 02:51:44', 0, 0, '2021-04-30 18:55:37', '127.0.0.1'),
(830, '13241a1dd4c38fb3', 1, '2021-06-07 22:56:12', '2021-06-08 06:32:22', 0, 0, '2021-06-07 22:56:12', '::1'),
(831, '3753f14998aad536', 1, '2021-06-07 23:12:07', '2021-06-08 07:41:51', 0, 0, '2021-06-07 23:12:07', '::1'),
(832, '6f8b335ec773fdac', 1, '2021-06-07 23:13:29', '2021-06-08 05:13:29', 0, 0, '2021-06-07 23:13:29', '::1'),
(833, 'e7763b486d132817', 1, '2021-06-08 00:33:00', '2021-06-08 07:49:46', 0, 0, '2021-06-08 00:33:00', '::1'),
(834, '8679cec8248702f5', 4, '2021-06-11 17:43:14', '2021-06-12 00:08:22', 0, 0, '2021-06-11 17:43:14', '::1'),
(835, '26e0ded1917e4dbd', 1, '2021-06-18 18:02:11', '2021-12-18 18:02:11', 0, 0, '2021-06-18 18:02:11', '::1'),
(836, 'b6f6f9f0eebb537e', 1, '2021-06-18 18:02:21', '2021-12-18 18:02:21', 0, 0, '2021-06-18 18:02:21', '::1'),
(837, '8924951a32b956c2', 1, '2021-06-18 18:02:23', '2021-12-18 18:02:23', 0, 0, '2021-06-18 18:02:23', '::1'),
(838, '9d1396975752951f', 1, '2021-06-18 18:03:42', '2021-12-18 18:03:42', 0, 0, '2021-06-18 18:03:42', '::1'),
(839, '56f8fe291b03d68a', 1, '2021-06-18 18:03:47', '2021-12-18 18:03:47', 0, 0, '2021-06-18 18:03:47', '::1'),
(840, '096c6f4639cad73a', 1, '2021-06-18 18:03:48', '2021-12-18 18:03:48', 0, 0, '2021-06-18 18:03:48', '::1'),
(841, '90f0fedf362c66c8', 1, '2021-06-26 12:24:47', '2021-06-26 18:54:24', 0, 0, '2021-06-26 12:24:47', '::1'),
(842, '3832f72d7f6da6f1', 1, '2021-07-06 16:16:41', '2021-07-06 22:16:43', 0, 0, '2021-07-06 16:16:41', '::1'),
(843, 'd26ecb32b3eabd2c', 1, '2021-07-12 13:27:20', '2021-07-12 19:28:20', 0, 0, '2021-07-12 13:27:20', '::1'),
(844, 'a1fd53bb38da491e', 1, '2022-01-27 01:40:44', '2022-01-27 07:40:44', 0, 0, '2022-01-27 01:40:44', '::1'),
(845, '7b8b6b6f9a3f593d', 1, '2022-01-27 02:03:10', '2022-01-27 02:36:19', 0, 0, '2022-01-27 02:03:10', '::1'),
(846, 'b38289ac105aadad', 1, '2022-01-30 14:47:17', '2022-01-30 20:47:17', 0, 0, '2022-01-30 14:47:17', '::1'),
(847, '461e26f8ea7a87d9', 1, '2022-01-30 14:53:59', '2022-01-30 20:53:59', 0, 0, '2022-01-30 14:53:59', '::1'),
(848, '2c68135d416f4512', 1, '2022-02-01 12:09:01', '2022-02-01 18:15:32', 0, 0, '2022-02-01 12:09:01', '::1'),
(849, '2d967c281294c77c', 3, '2023-01-13 18:11:19', '2023-01-14 00:11:21', 0, 0, '2023-01-13 18:11:19', '::1'),
(850, 'cd0eb7e896e81d3c', 1, '2023-01-13 18:11:34', '2023-01-14 00:12:08', 0, 0, '2023-01-13 18:11:34', '::1'),
(851, '3238341e375e4b48', 1, '2023-05-06 19:53:06', '2023-05-07 01:53:31', 0, 0, '2023-05-06 19:53:06', '::1'),
(852, 'a8abbf6f7efe554d', 1, '2023-05-13 15:19:53', '2023-05-13 21:19:53', 0, 0, '2023-05-13 15:19:53', '192.168.29.237'),
(853, 'ecb548117adcafc4', 1, '2023-05-13 16:03:09', '2023-11-13 16:03:09', 0, 0, '2023-05-13 16:03:09', '192.168.29.237'),
(854, 'acb4753cf5f8c957', 1, '2023-05-13 16:56:56', '2023-05-13 22:56:56', 0, 0, '2023-05-13 16:56:56', '192.168.29.237'),
(855, 'dbb54a601247466c', 1, '2023-05-13 16:56:57', '2023-05-13 22:56:57', 0, 0, '2023-05-13 16:56:57', '192.168.29.237'),
(856, '3dc03fe96e09fe01', 1, '2023-05-14 00:17:50', '2023-05-14 06:17:50', 0, 0, '2023-05-14 00:17:50', '192.168.29.237'),
(857, 'd7164070da027ea1', 1, '2023-05-14 00:23:47', '2023-05-14 06:23:47', 0, 0, '2023-05-14 00:23:47', '::1'),
(858, '914908d33acf6033', 1, '2023-05-14 00:27:47', '2023-05-14 06:27:47', 0, 0, '2023-05-14 00:27:47', '::1'),
(859, '7a2ad00a8607a9d7', 1, '2023-05-14 00:30:30', '2023-05-14 06:30:30', 0, 0, '2023-05-14 00:30:30', '::1'),
(860, 'e984fb00d09b2b84', 1, '2023-05-14 00:30:32', '2023-05-14 06:30:32', 0, 0, '2023-05-14 00:30:32', '::1'),
(861, '1cd6313ace4ce0fb', 1, '2023-05-14 00:30:33', '2023-05-14 06:30:33', 0, 0, '2023-05-14 00:30:33', '::1'),
(862, '46dc9d06209bbdb3', 1, '2023-05-14 00:30:33', '2023-05-14 06:30:33', 0, 0, '2023-05-14 00:30:33', '::1'),
(863, '507a2424a093ee22', 1, '2023-05-14 00:30:33', '2023-05-14 06:30:33', 0, 0, '2023-05-14 00:30:33', '::1'),
(864, '1a3407b294c94e93', 1, '2023-05-14 00:31:30', '2023-05-14 06:31:30', 0, 0, '2023-05-14 00:31:30', '::1'),
(865, '48c9101a49a5a875', 1, '2023-05-14 00:31:49', '2023-05-14 06:31:49', 0, 0, '2023-05-14 00:31:49', '::1'),
(866, 'c567811b9db5cd7b', 1, '2023-05-14 13:25:09', '2023-05-14 19:25:09', 0, 0, '2023-05-14 13:25:09', '::1'),
(867, 'fc7044f3422d9c40', 1, '2023-05-14 13:39:22', '2023-05-14 19:39:22', 0, 0, '2023-05-14 13:39:22', '::1'),
(868, '974b2d869e0a2ebb', 1, '2023-05-14 14:28:23', '2023-05-14 20:28:23', 0, 0, '2023-05-14 14:28:23', '::1'),
(869, '3e42b0944f4f06f4', 1, '2023-05-14 14:43:55', '2023-05-14 20:43:55', 0, 0, '2023-05-14 14:43:55', '::1'),
(870, '72a462ebb828db66', 1, '2023-05-15 23:16:44', '2023-05-16 05:16:44', 0, 0, '2023-05-15 23:16:44', '::1'),
(871, 'bc51d0896d75e82e', 1, '2023-05-15 23:17:54', '2023-05-16 05:17:54', 0, 0, '2023-05-15 23:17:54', '::1'),
(872, '54070e8cba76f55b', 1, '2023-05-15 23:35:03', '2023-05-16 07:00:16', 0, 0, '2023-05-15 23:35:03', '192.168.29.237'),
(873, '67d8f5a8bab2f0f7', 1, '2023-05-16 00:16:21', '2023-05-16 06:16:21', 0, 0, '2023-05-16 00:16:21', '::1'),
(874, '4bb7651762a2d02b', 1, '2023-05-16 00:19:29', '2023-05-16 06:19:29', 0, 0, '2023-05-16 00:19:29', '::1'),
(875, '07369ca8d2836dc4', 1, '2023-05-16 00:24:52', '2023-05-16 06:24:52', 0, 0, '2023-05-16 00:24:52', '::1'),
(876, '4a896a65479860a4', 1, '2023-05-16 00:25:45', '2023-05-16 06:25:45', 0, 0, '2023-05-16 00:25:45', '::1'),
(877, 'ffaee44c6de82227', 1, '2023-05-16 00:29:23', '2023-05-16 06:29:23', 0, 0, '2023-05-16 00:29:23', '::1'),
(878, 'dbe5f21f669283c9', 1, '2023-05-16 00:36:55', '2023-05-16 06:36:55', 0, 0, '2023-05-16 00:36:55', '::1'),
(879, '9ea8adac7dde834d', 1, '2023-05-16 00:38:47', '2023-05-16 06:38:47', 0, 0, '2023-05-16 00:38:47', '::1'),
(880, 'ca765ebd4563f574', 1, '2023-05-16 00:41:15', '2023-05-16 06:41:15', 0, 0, '2023-05-16 00:41:15', '::1'),
(881, '579b14525cf0350b', 1, '2023-05-16 00:45:04', '2023-05-16 06:45:04', 0, 0, '2023-05-16 00:45:04', '::1'),
(882, '50ee69f448235f5d', 1, '2023-05-16 00:58:25', '2023-05-16 06:58:25', 0, 0, '2023-05-16 00:58:25', '::1'),
(883, '1fab7abb48942794', 1, '2023-05-16 01:00:16', '2023-05-16 07:00:16', 0, 0, '2023-05-16 01:00:16', '::1'),
(884, '199a4104e4a48add', 1, '2023-05-16 12:56:33', '2023-05-16 18:56:33', 0, 0, '2023-05-16 12:56:33', '::1'),
(885, 'd554b15879dd0f7c', 1, '2023-05-16 12:57:47', '2023-05-16 18:57:47', 0, 0, '2023-05-16 12:57:47', '::1'),
(886, '65c395bb455ec345', 1, '2023-05-16 13:06:29', '2023-05-16 19:06:29', 0, 0, '2023-05-16 13:06:29', '::1'),
(887, '23cf155e0ff17b45', 1, '2023-05-16 13:08:37', '2023-05-16 19:08:37', 0, 0, '2023-05-16 13:08:37', '::1'),
(888, '96feab2744955204', 1, '2023-05-16 13:09:26', '2023-05-16 19:09:26', 0, 0, '2023-05-16 13:09:26', '192.168.29.237'),
(889, 'ae614243463a69f5', 1, '2023-05-16 13:09:32', '2023-05-16 19:09:32', 0, 0, '2023-05-16 13:09:32', '192.168.29.237'),
(890, '11d5030627bcc07b', 1, '2023-05-16 13:13:33', '2023-05-16 19:13:33', 0, 0, '2023-05-16 13:13:33', '::1'),
(891, '79bc49f22b194b79', 1, '2023-05-16 13:15:29', '2023-05-16 19:15:29', 0, 0, '2023-05-16 13:15:29', '::1'),
(892, 'b3bb44a35ef1f917', 1, '2023-05-16 13:17:14', '2023-05-16 19:17:14', 0, 0, '2023-05-16 13:17:14', '::1'),
(893, 'f7360fc79bd4b3a0', 1, '2023-05-16 13:18:02', '2023-05-16 19:18:02', 0, 0, '2023-05-16 13:18:02', '::1'),
(894, '90acc6e8dd08ae46', 1, '2023-05-16 13:20:20', '2023-05-16 19:20:20', 0, 0, '2023-05-16 13:20:20', '::1'),
(895, 'e2fe77443b1a2a30', 1, '2023-05-16 13:23:39', '2023-05-16 19:23:39', 0, 0, '2023-05-16 13:23:39', '::1'),
(896, '91342e5ada80abd8', 1, '2023-05-16 13:24:14', '2023-05-16 19:24:14', 0, 0, '2023-05-16 13:24:14', '::1'),
(897, '82b62cfaa8e413a8', 1, '2023-05-16 13:25:13', '2023-05-16 19:25:13', 0, 0, '2023-05-16 13:25:13', '::1'),
(898, '95e5e65c0e09e715', 1, '2023-05-16 13:28:13', '2023-05-16 19:28:13', 0, 0, '2023-05-16 13:28:13', '::1'),
(899, '34cdcd39a351fdf0', 1, '2023-05-16 13:30:44', '2023-05-16 19:30:44', 0, 0, '2023-05-16 13:30:44', '::1'),
(900, '486372a9afbd73f9', 1, '2023-05-16 13:31:34', '2023-05-16 19:31:34', 0, 0, '2023-05-16 13:31:34', '::1'),
(901, '557039ccc5ee017b', 1, '2023-05-16 13:36:30', '2023-05-16 19:36:30', 0, 0, '2023-05-16 13:36:30', '::1'),
(902, 'ab8d9768e025b587', 1, '2023-05-16 13:42:17', '2023-05-16 19:42:17', 0, 0, '2023-05-16 13:42:17', '::1'),
(903, '625684e9bfc735dd', 1, '2023-05-16 13:49:02', '2023-05-16 19:49:02', 0, 0, '2023-05-16 13:49:02', '::1'),
(904, '513327ceecef88ac', 1, '2023-05-16 13:53:04', '2023-05-16 19:53:04', 0, 0, '2023-05-16 13:53:04', '::1'),
(905, '1f1524a8ab5b0a70', 1, '2023-05-16 13:57:26', '2023-05-16 19:57:26', 0, 0, '2023-05-16 13:57:26', '::1'),
(906, '62dd887b27dfaa58', 1, '2023-05-16 15:13:08', '2023-05-16 21:13:08', 0, 0, '2023-05-16 15:13:08', '::1'),
(907, '286b2adf55909543', 1, '2023-05-16 15:14:08', '2023-05-16 21:14:08', 0, 0, '2023-05-16 15:14:08', '::1'),
(908, 'd3f1b5ba8d5ee980', 1, '2023-05-16 22:52:25', '2023-05-17 04:52:25', 0, 0, '2023-05-16 22:52:25', '::1'),
(909, '56a8183f9400db3e', 1, '2023-05-16 23:09:35', '2023-05-17 05:09:35', 0, 0, '2023-05-16 23:09:35', '::1'),
(910, '4b0492edc194159e', 1, '2023-05-16 23:21:28', '2023-05-17 05:21:28', 0, 0, '2023-05-16 23:21:28', '::1'),
(911, '0b3e6a6c528d5dd8', 1, '2023-05-16 23:23:33', '2023-05-17 05:23:33', 0, 0, '2023-05-16 23:23:33', '::1'),
(912, 'bf97f68c498239f7', 1, '2023-05-16 23:31:02', '2023-05-17 05:31:02', 0, 0, '2023-05-16 23:31:02', '::1'),
(913, 'b6f425850e6e1a47', 1, '2023-05-16 23:39:55', '2023-05-17 05:39:55', 0, 0, '2023-05-16 23:39:55', '::1'),
(914, 'f197f3343ae5698a', 1, '2023-05-17 13:07:12', '2023-05-17 19:07:12', 0, 0, '2023-05-17 13:07:12', '::1'),
(915, '810659fed3b0705a', 1, '2023-05-17 13:09:40', '2023-05-17 19:09:40', 0, 0, '2023-05-17 13:09:40', '192.168.29.98'),
(916, '4de33ca7ea601978', 1, '2023-05-17 13:14:03', '2023-05-17 19:14:03', 0, 0, '2023-05-17 13:14:03', '192.168.29.98'),
(917, '730b4c6e609f23c8', 1, '2023-05-17 13:17:23', '2023-05-17 19:17:23', 0, 0, '2023-05-17 13:17:23', '192.168.29.237'),
(918, 'e700226b1552ea97', 1, '2023-05-17 13:22:32', '2023-05-17 19:22:32', 0, 0, '2023-05-17 13:22:32', '192.168.29.237'),
(919, 'fb043fa9fe5d3a12', 1, '2023-05-18 20:11:55', '2023-05-19 02:11:55', 0, 0, '2023-05-18 20:11:55', '192.168.29.237'),
(920, 'beb0a72de5b15254', 1, '2023-05-18 20:13:02', '2023-05-19 02:13:03', 0, 0, '2023-05-18 20:13:03', '192.168.29.237'),
(921, '764cf63d280af771', 1, '2023-05-20 17:51:16', '2023-05-20 23:51:16', 0, 0, '2023-05-20 17:51:16', '192.168.29.98'),
(922, '4ea1fe1699788d6a', 1, '2023-05-20 17:51:28', '2023-05-20 23:51:28', 0, 0, '2023-05-20 17:51:28', '192.168.29.98'),
(923, '1c7b97af4cfc2b1a', 1, '2023-05-20 17:51:36', '2023-05-20 23:51:36', 0, 0, '2023-05-20 17:51:36', '192.168.29.98'),
(924, '2fb6c1838eb22eaf', 1, '2023-05-23 00:23:18', '2023-05-23 06:23:18', 0, 0, '2023-05-23 00:23:18', '192.168.29.237'),
(925, 'cb8c0ea556eb45a4', 1, '2023-05-23 00:23:31', '2023-05-23 06:23:31', 0, 0, '2023-05-23 00:23:31', '192.168.29.237'),
(926, 'd703796f69244f03', 1, '2023-05-23 00:23:37', '2023-05-23 06:23:37', 0, 0, '2023-05-23 00:23:37', '192.168.29.237'),
(927, '7aa02200b198b4e5', 1, '2023-05-23 00:24:18', '2023-05-23 06:24:18', 0, 0, '2023-05-23 00:24:18', '192.168.29.237'),
(928, '710c25d034e0d92b', 1, '2023-06-02 02:10:39', '2023-06-02 08:19:34', 0, 0, '2023-06-02 02:10:39', '192.168.29.237'),
(929, '1bdec9a46c2c347d', 1, '2023-06-03 23:42:55', '2023-06-04 05:42:55', 0, 0, '2023-06-03 23:42:55', '192.168.29.237'),
(930, 'deade6a7a18fe1fb', 1, '2023-06-03 23:43:07', '2023-06-04 05:43:07', 0, 0, '2023-06-03 23:43:07', '192.168.29.237'),
(931, '8636e9da63980f8c', 1, '2023-06-03 23:43:17', '2023-05-04 05:44:32', 0, 0, '2023-06-03 23:43:17', '192.168.29.237'),
(932, 'b525d31ac086fb85', 1, '2023-06-03 23:53:13', '2023-06-04 06:00:38', 0, 0, '2023-06-03 23:53:13', '192.168.29.237'),
(933, 'fc87b88a7a4e8918', 1, '2023-06-04 00:04:06', '2023-06-04 06:04:06', 0, 0, '2023-06-04 00:04:06', '192.168.29.237'),
(934, '88fc54c2fc882e8a', 1, '2023-06-04 00:04:17', '2023-06-04 06:04:58', 0, 0, '2023-06-04 00:04:17', '192.168.29.237'),
(935, '5a9efe4de8f55714', 1, '2023-06-04 00:05:04', '2023-06-04 06:05:36', 0, 0, '2023-06-04 00:05:04', '192.168.29.237'),
(936, 'a6e87a2e12d5afdb', 1, '2023-06-04 00:05:40', '2023-06-04 06:06:14', 0, 0, '2023-06-04 00:05:40', '192.168.29.237'),
(937, 'd34c7380be0c6491', 1, '2023-06-04 00:06:19', '2023-06-04 06:06:28', 0, 0, '2023-06-04 00:06:19', '192.168.29.237'),
(938, '6899a38ea8af4d17', 1, '2023-06-04 00:06:38', '2023-06-04 06:06:38', 0, 0, '2023-06-04 00:06:38', '192.168.29.237'),
(939, 'a199377e8975bdb5', 1, '2023-06-04 00:06:55', '2023-06-04 06:06:55', 0, 0, '2023-06-04 00:06:55', '192.168.29.237'),
(946, 'ed3020d9d7e6e845', 1, '2023-06-04 03:44:44', '2023-06-04 09:45:14', 0, 0, '2023-06-04 03:44:44', '192.168.29.237'),
(947, '7e4fdeb662019f40', 1, '2023-06-14 14:08:18', '2023-06-14 20:41:57', 0, 0, '2023-06-14 14:08:18', '192.168.29.237'),
(948, '75bbbe83a45b089a', 1, '2023-06-14 21:40:16', '2023-06-15 03:40:25', 0, 0, '2023-06-14 21:40:16', '192.168.29.237'),
(949, 'b57b4e58c9702a34', 1, '2023-06-15 23:12:54', '2023-06-16 07:18:36', 0, 0, '2023-06-15 23:12:54', '192.168.29.237'),
(950, 'bb168fdbc235e451', 1, '2023-06-17 13:42:38', '2023-06-17 20:39:41', 0, 0, '2023-06-17 13:42:38', '192.168.29.237'),
(951, '6c7d9dd84d5bd30e', 1, '2023-06-17 14:33:50', '2023-06-17 20:34:21', 0, 0, '2023-06-17 14:33:50', '192.168.29.237'),
(952, '646ff2269e726d8c', 1, '2023-06-18 11:48:58', '2023-06-18 23:39:07', 0, 0, '2023-06-18 11:48:58', '192.168.29.237'),
(953, 'ab23f359174a6534', 1, '2023-06-18 12:06:20', '2023-06-18 23:32:44', 0, 0, '2023-06-18 12:06:20', '192.168.29.237'),
(954, '262445e90c55732f', 1, '2023-06-18 17:39:24', '2023-06-18 23:41:33', 0, 0, '2023-06-18 17:39:24', '192.168.29.237'),
(955, 'e3378f807b9763d8', 1, '2023-06-19 18:28:46', '2023-06-20 06:23:18', 0, 0, '2023-06-19 18:28:46', '192.168.29.237'),
(956, 'a56f4179c0128bf2', 1, '2023-06-20 00:23:46', '2023-06-20 06:23:59', 0, 0, '2023-06-20 00:23:46', '192.168.29.237'),
(957, 'a4eb801695cf24d2', 1, '2023-06-20 18:51:38', '2023-06-21 00:52:39', 0, 0, '2023-06-20 18:51:38', '192.168.29.237'),
(958, 'fadca0743412e871', 1, '2023-06-20 18:51:38', '2023-06-21 00:51:38', 0, 0, '2023-06-20 18:51:38', '192.168.29.237'),
(959, '7d4e7e2bd9c1fabc', 1, '2023-06-20 18:51:38', '2023-06-21 00:51:38', 0, 0, '2023-06-20 18:51:38', '192.168.29.237'),
(960, '99de6967fe2fb26f', 1, '2023-06-20 19:17:59', '2023-06-21 01:17:59', 0, 0, '2023-06-20 19:17:59', '192.168.209.54'),
(961, '3d036a537fc20572', 1, '2023-06-20 19:18:09', '2023-06-21 01:18:09', 0, 0, '2023-06-20 19:18:09', '192.168.209.54'),
(962, 'f844a3537544d817', 1, '2023-06-20 19:18:24', '2023-06-21 01:18:24', 0, 0, '2023-06-20 19:18:24', '192.168.209.54'),
(963, 'a2a8daa03e7d2e66', 1, '2023-06-20 19:19:22', '2023-06-21 06:15:18', 0, 0, '2023-06-20 19:19:22', '192.168.209.54'),
(964, '5ca279dd1cd7160a', 1, '2023-06-20 19:45:18', '2023-06-21 01:47:47', 0, 0, '2023-06-20 19:45:18', '192.168.209.202'),
(965, 'b9500e326588dfae', 1, '2023-06-21 00:15:45', '2023-06-21 06:15:45', 0, 0, '2023-06-21 00:15:45', '192.168.29.237'),
(966, '96e696deac07aea0', 1, '2023-06-21 00:16:19', '2023-06-21 07:12:18', 0, 0, '2023-06-21 00:16:19', '192.168.29.237'),
(967, '05013f1692db7d02', 1, '2023-06-21 00:17:06', '2023-06-21 06:18:01', 0, 0, '2023-06-21 00:17:06', '192.168.29.237'),
(968, 'b1ec8199bdaa0fb2', 1, '2023-06-21 20:07:13', '2023-06-22 03:39:34', 0, 0, '2023-06-21 20:07:13', '192.168.29.237'),
(969, '92fec00c697f8c5a', 1, '2023-06-21 21:32:15', '2023-06-22 03:32:16', 0, 0, '2023-06-21 21:32:15', '192.168.29.237'),
(970, '24661b1e53622c4b', 1, '2023-06-22 11:48:02', '2023-06-22 17:48:24', 0, 0, '2023-06-22 11:48:02', '192.168.29.237'),
(971, '8943559e2b86421b', 1, '2023-06-22 23:08:41', '2023-06-23 07:48:21', 0, 0, '2023-06-22 23:08:41', '192.168.29.237'),
(972, 'b19cf47b769b746a', 1, '2023-06-22 23:11:08', '2023-06-23 07:28:29', 0, 0, '2023-06-22 23:11:08', '192.168.29.237'),
(973, '3b6c199d38bc9c58', 1, '2023-06-23 01:11:30', '2023-06-23 07:11:30', 0, 0, '2023-06-23 01:11:30', '192.168.29.237'),
(974, '5f916294f49817b2', 2, '2023-06-23 01:11:47', '2023-06-23 07:43:57', 0, 0, '2023-06-23 01:11:47', '192.168.29.237'),
(975, 'ee95c00efb40ccc9', 1, '2023-06-23 01:20:01', '2023-06-23 07:55:45', 0, 0, '2023-06-23 01:20:01', '192.168.29.237'),
(976, 'cb00ceea976f1221', 2, '2023-06-23 01:44:16', '2023-06-23 07:45:11', 0, 0, '2023-06-23 01:44:16', '192.168.29.237'),
(977, '00b8db134d52109e', 2, '2023-06-23 01:48:35', '2023-06-23 07:48:35', 0, 0, '2023-06-23 01:48:35', '192.168.29.237'),
(978, 'ba59c4908983632f', 1, '2023-06-23 01:48:45', '2023-06-23 07:59:39', 0, 0, '2023-06-23 01:48:45', '192.168.29.237'),
(979, 'dc4c7cbea99a1e9a', 2, '2023-06-23 01:56:05', '2023-06-23 07:59:55', 0, 0, '2023-06-23 01:56:05', '192.168.29.237'),
(980, 'bd8f7dea9e1857cc', 2, '2023-06-23 02:00:09', '2023-06-23 08:00:19', 0, 0, '2023-06-23 02:00:09', '192.168.29.237'),
(981, 'cc3e742d1230fcad', 1, '2023-06-23 17:16:38', '2023-06-24 07:48:15', 0, 0, '2023-06-23 17:16:38', '192.168.29.237'),
(982, '643879528295053c', 1, '2023-06-23 23:13:44', '2023-06-24 05:42:24', 0, 0, '2023-06-23 23:13:44', '192.168.29.237'),
(983, '307d869f384ef4f4', 1, '2023-06-24 01:50:58', '2023-06-24 08:20:40', 0, 0, '2023-06-24 01:50:58', '192.168.29.237'),
(984, '5e675214b9336d1e', 1, '2023-06-24 14:38:02', '2023-06-25 09:57:06', 0, 0, '2023-06-24 14:38:02', '192.168.29.237'),
(985, 'e3e17e398c3588a6', 1, '2023-06-25 15:20:43', '2023-06-25 21:20:44', 0, 0, '2023-06-25 15:20:43', '192.168.29.237'),
(986, 'bd114362d5b29c2c', 1, '2023-06-26 19:29:21', '2023-06-27 07:53:40', 0, 0, '2023-06-26 19:29:21', '192.168.29.237'),
(987, '320eb42e8e02a0d8', 1, '2023-06-27 00:20:00', '2023-06-27 07:43:17', 0, 0, '2023-06-27 00:20:00', '192.168.29.63'),
(989, 'dd1c2112654cd8b5', 1, '2023-06-27 22:10:27', '2023-06-28 04:10:27', 0, 0, '2023-06-27 22:10:27', '192.168.29.237'),
(990, 'ec7a5558be2f21c2', 1, '2023-06-27 22:24:17', '2023-06-28 07:41:19', 0, 0, '2023-06-27 22:24:17', '192.168.29.63'),
(1002, 'f710d02a9fae716c', 1, '2023-06-28 02:14:25', '2023-06-28 08:14:25', 0, 0, '2023-06-28 02:14:25', '192.168.29.237'),
(1003, '59099f1934625392', 1, '2023-06-28 02:15:50', '2023-06-28 08:15:50', 0, 0, '2023-06-28 02:15:50', '192.168.29.237'),
(1004, 'afe89bd718c5a2c1', 2, '2023-06-28 02:16:00', '2023-06-28 08:16:00', 0, 0, '2023-06-28 02:16:00', '192.168.29.237'),
(1012, '16ddde01cfd7e775', 3, '2023-06-28 18:37:39', '2023-06-29 02:07:19', 0, 0, '2023-06-28 18:37:39', '192.168.29.237'),
(1013, 'ff484f90d1cca4bc', 3, '2023-06-28 19:57:57', '2023-06-29 06:43:38', 0, 0, '2023-06-28 19:57:57', '192.168.29.237'),
(1014, '7ea6377d88a6537a', 6, '2023-06-29 00:18:59', '2023-06-29 06:44:09', 0, 0, '2023-06-29 00:18:59', '192.168.29.237'),
(1015, 'a091d59a470533f1', 6, '2023-06-29 00:21:52', '2023-06-29 06:22:28', 0, 0, '2023-06-29 00:21:52', '192.168.29.237'),
(1018, '14ea12a7bfc20516', 3, '2023-06-29 17:49:23', '2023-06-29 23:57:10', 0, 0, '2023-06-29 17:49:23', '192.168.29.237'),
(1022, 'ceb8c66a4d3faa5c', 2, '2023-06-29 18:03:52', '2023-06-30 08:53:00', 0, 0, '2023-06-29 18:03:52', '192.168.29.237'),
(1023, '8743edaef7018f26', 6, '2023-06-30 02:35:55', '2023-06-30 08:36:11', 0, 0, '2023-06-30 02:35:55', '192.168.29.237'),
(1027, '86d1313d4850be5c', 2, '2023-06-30 19:49:45', '2023-07-01 01:52:55', 0, 0, '2023-06-30 19:49:45', '192.168.29.237'),
(1029, 'fb9daa776902971f', 2, '2023-07-01 13:06:07', '2023-07-01 21:50:47', 0, 0, '2023-07-01 13:06:07', '192.168.29.237'),
(1030, 'dfc70086f2b9e30a', 3, '2023-07-01 13:25:01', '2023-07-01 21:09:52', 0, 0, '2023-07-01 13:25:01', '192.168.29.237'),
(1031, 'f2b4ca2b8c7e5b83', 1, '2023-07-02 11:25:13', '2023-07-02 17:25:56', 0, 0, '2023-07-02 11:25:13', '192.168.29.237'),
(1032, '657a1e0cb7bbe6f4', 1, '2023-07-02 11:43:42', '2023-07-02 17:43:42', 0, 0, '2023-07-02 11:43:42', '192.168.29.237');

-- --------------------------------------------------------

--
-- Table structure for table `auth_user`
--

CREATE TABLE `auth_user` (
  `user_id` int(11) NOT NULL,
  `user_name` varchar(30) NOT NULL,
  `user_role` varchar(30) NOT NULL,
  `password` varchar(30) NOT NULL,
  `is_active` tinyint(3) NOT NULL,
  `is_delete` tinyint(3) NOT NULL
) ENGINE=InnoDB DEFAULT CHARSET=utf8 COLLATE=utf8_general_ci;

--
-- Dumping data for table `auth_user`
--

INSERT INTO `auth_user` (`user_id`, `user_name`, `user_role`, `password`, `is_active`, `is_delete`) VALUES
(1, 'admin', 'admin', '12345', 1, 0),
(2, 'barun', 'sealseman', '12345', 1, 0),
(3, 'tarun', 'technical', 'tarun', 1, 0),
(6, 'arun', 'sealseman', '12345', 1, 0);

-- --------------------------------------------------------

--
-- Table structure for table `comment`
--

CREATE TABLE `comment` (
  `comment_id` int(11) NOT NULL,
  `lead_id` int(11) NOT NULL,
  `comment` text NOT NULL,
  `created_by` int(11) NOT NULL,
  `created_on` datetime NOT NULL DEFAULT current_timestamp(),
  `modify_by` int(11) NOT NULL,
  `modify_on` datetime NOT NULL DEFAULT '0000-00-00 00:00:00' ON UPDATE current_timestamp(),
  `is_active` int(11) NOT NULL
) ENGINE=InnoDB DEFAULT CHARSET=utf8 COLLATE=utf8_general_ci;

--
-- Dumping data for table `comment`
--

INSERT INTO `comment` (`comment_id`, `lead_id`, `comment`, `created_by`, `created_on`, `modify_by`, `modify_on`, `is_active`) VALUES
(5, 0, 'qwertyuiop', 2, '2023-06-30 01:01:10', 0, '0000-00-00 00:00:00', 0),
(6, 21, 'qwertyuijhvccvbnm,.34567890op', 2, '2023-06-30 01:02:16', 0, '0000-00-00 00:00:00', 0),
(7, 21, '2323ewdsxzfc', 2, '2023-06-30 01:08:01', 0, '2023-06-30 02:18:21', 0),
(8, 21, 'aaaaaaaaaaaaaaaa', 2, '2023-06-30 02:18:21', 0, '2023-06-30 02:20:05', 0),
(9, 21, 'bbb', 2, '2023-06-30 02:20:05', 0, '2023-06-30 19:50:07', 0),
(10, 21, 'fgfgfgfgfgfgf', 2, '2023-06-30 19:50:07', 0, '2023-06-30 19:51:49', 0),
(11, 21, 'Contrary to popular belief, Lorem Ipsum is not simply random text. It has roots in a piece of classical Latin literature from 45 BC, making it over 2000 years old. Richard McClintock, a Latin professor at Hampden-Sydney College in Virginia, looked up one of the more obscure Latin words, consectetur, from a Lorem Ipsum passage, and going through the cites of the word in classical literature, discovered the undoubtable source\nContrary to popular belief, Lorem Ipsum is not simply random text. It has roots in a piece of classical Latin literature from 45 BC, making it over 2000 years old. Richard McClintock, a Latin professor at Hampden-Sydney College in Virginia, looked up one of the more obscure Latin words, consectetur, from a Lorem Ipsum passage, and going through the cites of the word in classical literature, discovered the undoubtable source', 2, '2023-06-30 19:51:49', 0, '0000-00-00 00:00:00', 1);

-- --------------------------------------------------------

--
-- Table structure for table `lead`
--

CREATE TABLE `lead` (
  `lead_id` int(11) NOT NULL,
  `client_name` varchar(255) NOT NULL,
  `address` text NOT NULL,
  `mobile` varchar(11) NOT NULL,
  `refrence` varchar(50) NOT NULL,
  `complete_lead_comment` text DEFAULT NULL,
  `cancel_lead_comment` text DEFAULT NULL,
  `site_stage` varchar(50) NOT NULL,
  `lead_progress` int(11) DEFAULT NULL COMMENT '1=lead generated/20% 2=quotation uploaded/40% 3=offer modification/60% 4=offer 2 time modificaton/80%',
  `is_active` tinyint(3) NOT NULL,
  `is_delete` tinyint(3) NOT NULL,
  `created_by` int(11) DEFAULT NULL,
  `created_on` datetime NOT NULL DEFAULT current_timestamp(),
  `modify_by` int(11) DEFAULT NULL,
  `modify_on` datetime NOT NULL DEFAULT '0000-00-00 00:00:00' ON UPDATE current_timestamp()
) ENGINE=InnoDB DEFAULT CHARSET=utf8 COLLATE=utf8_general_ci;

--
-- Dumping data for table `lead`
--

INSERT INTO `lead` (`lead_id`, `client_name`, `address`, `mobile`, `refrence`, `complete_lead_comment`, `cancel_lead_comment`, `site_stage`, `lead_progress`, `is_active`, `is_delete`, `created_by`, `created_on`, `modify_by`, `modify_on`) VALUES
(2, 'Barun Pandey', 'Flat 206 Gautam residency , chhoti kharjani indore', '07509835332', 'dealer', NULL, NULL, 'granite work', NULL, 1, 0, 1, '2023-06-23 01:50:36', NULL, '2023-06-27 01:53:28'),
(5, 'Tarun', 'infdoer', '123456789', 'old cilent', NULL, NULL, 'plaster', NULL, 3, 0, 1, '2023-06-26 20:00:11', NULL, '2023-06-27 21:34:55'),
(6, 'New Name', 'UP ballia', '6260964301', 'dealer', NULL, 'client is not interested', 'plaster', NULL, 2, 0, 1, '2023-06-27 18:38:51', NULL, '2023-06-27 21:34:43'),
(7, 'abc', 'dassdsa', '1232312323', 'dealer', 'DOne', NULL, 'granite work', NULL, 3, 0, 1, '2023-06-27 21:35:14', NULL, '2023-06-27 21:38:15'),
(8, 'a', '2332as', '23', 'contractor', NULL, NULL, 'plaster', NULL, 1, 0, 1, '2023-06-28 00:51:06', NULL, '0000-00-00 00:00:00'),
(9, 'a', '2332as', '23', 'contractor', NULL, NULL, 'plaster', NULL, 1, 0, 1, '2023-06-28 00:51:40', NULL, '0000-00-00 00:00:00'),
(10, 'a', 'd', 'd', 'old cilent', NULL, NULL, 'granite work', NULL, 1, 0, 1, '2023-06-28 00:57:55', NULL, '0000-00-00 00:00:00'),
(11, 'asdsa', 'd', 'd', 'old cilent', NULL, NULL, 'granite work', NULL, 1, 0, 1, '2023-06-28 00:58:12', NULL, '0000-00-00 00:00:00'),
(12, 'asdsa', 'd', 'd', 'old cilent', NULL, NULL, 'granite work', NULL, 1, 0, 1, '2023-06-28 00:58:46', NULL, '0000-00-00 00:00:00'),
(13, 'aasdx', '23wasdxx', '12321', 'contractor', NULL, NULL, 'granite work', NULL, 1, 0, 1, '2023-06-28 01:01:01', NULL, '0000-00-00 00:00:00'),
(14, 'aaa', 'weewwe', 'vvvee', 'contractor', NULL, NULL, 'granite work', NULL, 1, 0, 1, '2023-06-28 01:32:08', NULL, '0000-00-00 00:00:00'),
(15, 'aaa', 'weewwe', 'vvvee', 'contractor', NULL, NULL, 'granite work', NULL, 1, 0, 1, '2023-06-28 01:32:10', NULL, '0000-00-00 00:00:00'),
(16, 'aadxd', 'dxzc ', '323232', 'dealer', NULL, NULL, 'granite work', NULL, 1, 0, 1, '2023-06-28 01:34:18', NULL, '0000-00-00 00:00:00'),
(17, 'adcsd', 'jkjk', 'jhjjk78888', 'old cilent', NULL, NULL, 'granite work', NULL, 1, 0, 1, '2023-06-28 01:37:42', NULL, '0000-00-00 00:00:00'),
(18, 'adcdsxzfc', 'dfghjbnm', '87654345678', 'dealer', NULL, NULL, 'granite work', NULL, 1, 0, 1, '2023-06-28 01:49:53', NULL, '0000-00-00 00:00:00'),
(19, 'qwertghj', '', '12345', 'contractor', NULL, NULL, 'granite work', NULL, 1, 0, 1, '2023-06-28 02:08:16', NULL, '0000-00-00 00:00:00'),
(20, 'Pandey', 'Flat 206 Gautam residency , chhoti kharjani indore', '07509835332', 'dealer', NULL, NULL, 'granite work', NULL, 1, 0, 2, '2023-06-28 02:25:55', NULL, '0000-00-00 00:00:00'),
(21, 'abc', 'indoere', '64646454', 'contractor', NULL, '', 'plaster', NULL, 2, 0, 2, '2023-06-28 18:26:37', NULL, '2023-07-01 15:50:10'),
(23, 'new Lead2', 'Flat 206 Gautam residency , chhoti kharjani indore', '07509835332', 'contractor', NULL, NULL, 'plaster', 1, 1, 0, 6, '2023-06-29 00:28:12', NULL, '0000-00-00 00:00:00'),
(24, 'Test', 'Flat 206 Gautam residency , chhoti kharjani indore', '07509835332', 'dealer', 'Done', NULL, 'granite work', 1, 3, 0, 2, '2023-06-29 17:48:28', NULL, '2023-06-29 17:54:33'),
(25, 'Barun Pandey123', 'Flat 206 Gautam residency , chhoti kharjani indore', '07509835332', 'contractor', NULL, NULL, 'plaster', 1, 1, 0, 3, '2023-06-30 19:48:28', NULL, '0000-00-00 00:00:00');

-- --------------------------------------------------------

--
-- Table structure for table `lead_assets`
--

CREATE TABLE `lead_assets` (
  `asset_id` int(11) NOT NULL,
  `lead_id` int(11) NOT NULL,
  `asset_name` varchar(255) NOT NULL,
  `asset_type` varchar(50) DEFAULT NULL,
  `is_active` tinyint(3) DEFAULT NULL
) ENGINE=InnoDB DEFAULT CHARSET=utf8 COLLATE=utf8_general_ci;

--
-- Dumping data for table `lead_assets`
--

INSERT INTO `lead_assets` (`asset_id`, `lead_id`, `asset_name`, `asset_type`, `is_active`) VALUES
(1, 2, 'wn-lg2.jpg', 'image/jpeg', 1),
(2, 6, 'wn2-sm1.jpg', 'image/jpeg', 0),
(3, 6, 'Screenshotfrom2023-02-1622-12-00.png', 'image/png', 1),
(4, 7, 'Screenshotfrom2023-06-1512-55-24.png', 'image/png', 1),
(5, 19, 'Screenshotfrom2023-06-1513-02-46.png', 'image/png', 1),
(6, 21, 'main_uzMnCNU7ArFxq5BY_20230111_051619.jpeg', 'image/jpeg', 0),
(7, 21, 'main_uzMnCNU7ArFxq5BY_20230111_051619.jpeg', 'image/jpeg', 1),
(8, 23, 'main_uzMnCNU7ArFxq5BY_20230111_051619.jpeg', 'image/jpeg', 1),
(9, 24, 'main_uzMnCNU7ArFxq5BY_20230111_051619.jpeg', 'image/jpeg', 1);

-- --------------------------------------------------------

--
-- Table structure for table `offer_details`
--

CREATE TABLE `offer_details` (
  `offer_id` int(11) NOT NULL,
  `lead_id` int(11) NOT NULL,
  `offer_price` varchar(20) NOT NULL,
  `gst` varchar(20) NOT NULL,
  `freight` varchar(20) NOT NULL,
  `is_active` tinyint(3) NOT NULL,
  `created_on` datetime NOT NULL DEFAULT current_timestamp()
) ENGINE=InnoDB DEFAULT CHARSET=utf8 COLLATE=utf8_general_ci;

--
-- Dumping data for table `offer_details`
--

INSERT INTO `offer_details` (`offer_id`, `lead_id`, `offer_price`, `gst`, `freight`, `is_active`, `created_on`) VALUES
(1, 2, '1221', '43', '5', 0, '2023-06-30 00:54:42'),
(2, 2, '7000', '1230', '1000', 0, '2023-06-30 00:54:42'),
(3, 3, '7000', '90', '800', 1, '2023-06-30 00:54:42'),
(4, 2, '70000', '5000', '10000', 0, '2023-06-30 00:54:42'),
(5, 2, '9846', '4763', '3000', 1, '2023-06-30 00:54:42'),
(6, 6, '1500000', '38000', '10000', 1, '2023-06-30 00:54:42'),
(7, 7, '10101', '32', '4000', 0, '2023-06-30 00:54:42'),
(8, 7, '1222', '323', '434', 1, '2023-06-30 00:54:42'),
(9, 23, '1990', '585', '500', 0, '2023-06-30 00:54:42'),
(10, 23, '7373', '73', '388', 1, '2023-06-30 00:54:42'),
(11, 20, '10000', '12', '500', 0, '2023-06-30 00:54:42'),
(12, 24, '5000', '120', '500', 0, '2023-06-30 00:54:42'),
(13, 24, '10000', '400', '5000', 0, '2023-06-30 00:54:42'),
(14, 24, '120000', '200', '3000', 1, '2023-06-30 00:54:42'),
(15, 20, '50000', '2000', '100', 1, '2023-06-30 00:55:13'),
(16, 18, '', '', '', 1, '2023-07-02 11:25:25');

-- --------------------------------------------------------

--
-- Table structure for table `quotation_assets`
--

CREATE TABLE `quotation_assets` (
  `quotation_asset_id` int(11) NOT NULL,
  `lead_id` int(11) NOT NULL,
  `asset_name` varchar(100) NOT NULL,
  `asset_type` varchar(50) NOT NULL,
  `is_active` int(11) DEFAULT NULL,
  `total_area` varchar(255) DEFAULT NULL,
  `total_unit` varchar(255) DEFAULT NULL,
  `average_price` varchar(255) DEFAULT NULL,
  `created_on` datetime NOT NULL DEFAULT current_timestamp()
) ENGINE=InnoDB DEFAULT CHARSET=utf8 COLLATE=utf8_general_ci;

--
-- Dumping data for table `quotation_assets`
--

INSERT INTO `quotation_assets` (`quotation_asset_id`, `lead_id`, `asset_name`, `asset_type`, `is_active`, `total_area`, `total_unit`, `average_price`, `created_on`) VALUES
(1, 2, 'tn-lg2.jpg', 'image/jpeg', 0, '1234', '12', '1224', '2023-07-01 14:56:14'),
(2, 2, 'wn2-sm3.jpg', 'image/jpeg', 1, '124', '12', '123', '2023-07-01 14:56:14'),
(3, 6, 'ticket.pdf', 'application/pdf', 1, '750', '12', '200000', '2023-07-01 14:56:14'),
(4, 7, 'increment.pdf', 'application/pdf', 1, '1221', '322', '3232', '2023-07-01 14:56:14'),
(5, 23, 'Hotchoclate.jpeg', 'image/jpeg', 0, '123', '12', '1224', '2023-07-01 14:56:14'),
(6, 23, 'Hotchoclate.jpeg', 'image/jpeg', 1, '1234', '12', '5657', '2023-07-01 14:56:14'),
(7, 24, 'ticket.pdf', 'application/pdf', 1, '500', '12', '10000', '2023-07-01 14:56:14'),
(8, 21, 'Medical_Letter.pdf', 'application/pdf', 0, '40004', '42', '1233', '2023-07-01 14:56:14'),
(9, 21, 'main_uzMnCNU7ArFxq5BY_20230111_051619.jpeg', 'image/jpeg', 0, '2332', '23', '123', '2023-07-01 14:56:14'),
(10, 21, 'increment.pdf', 'application/pdf', 1, '2332', '023', '123', '2023-07-01 14:57:41');

-- --------------------------------------------------------

--
-- Table structure for table `technial_salesman_relation`
--

CREATE TABLE `technial_salesman_relation` (
  `id` int(11) NOT NULL,
  `technical_id` int(11) NOT NULL,
  `sealesman_id` varchar(255) NOT NULL,
  `is_active` int(11) NOT NULL
) ENGINE=InnoDB DEFAULT CHARSET=utf8 COLLATE=utf8_general_ci;

--
-- Dumping data for table `technial_salesman_relation`
--

INSERT INTO `technial_salesman_relation` (`id`, `technical_id`, `sealesman_id`, `is_active`) VALUES
(1, 3, '2,6', 1);

-- --------------------------------------------------------

--
-- Table structure for table `user_access`
--

CREATE TABLE `user_access` (
  `access_id` int(11) NOT NULL,
  `user_id` int(11) NOT NULL,
  `module` varchar(50) NOT NULL,
  `access` text NOT NULL,
  `is_active` tinyint(3) NOT NULL,
  `is_delete` tinyint(3) NOT NULL
) ENGINE=InnoDB DEFAULT CHARSET=utf8 COLLATE=utf8_general_ci;

--
-- Dumping data for table `user_access`
--

INSERT INTO `user_access` (`access_id`, `user_id`, `module`, `access`, `is_active`, `is_delete`) VALUES
(1, 4, 'token', '{\"Token Detail\":\"token/allToken\"}', 1, 0),
(2, 2, 'report', '{\"vehicle Report\":\"report/vehicleReport\",\"Export Data\":\"report/export\"}', 1, 0),
(3, 1, 'token', '{\"Generate Token\":\"token/allToken\",\"Token Screen\":\"token/serveToken\",\"Subcounter\":\"token/allSubCounter\",\"counter\":\"token/allCounter\"}', 1, 0),
(5, 1, 'feedback', '{\"Feedback\":\"feedback/\",\"Manage Feedback\":\"feedback/allFeedbackType\"}', 1, 0),
(6, 2, 'feedback', '{\"Feedback\":\"feedback/\",\"Manage Feedback\":\"feedback/allFeedbackType\"}', 1, 0),
(7, 1, 'Multilingual', '{\"Multilingual\":\"multilingual/\"}', 1, 0),
(8, 2, 'Multilingual', '{\"Multilingual\":\"multilingual/\"}', 1, 0),
(9, 3, 'feedback', '{\"Feedback\":\"feedback/\",\"Manage Feedback\":\"feedback/allFeedbackType\"}', 1, 0),
(10, 5, 'Event', '{\"Event\":\"event/\"}', 1, 0),
(11, 5, 'Offer', '{\"Offer\":\"offer/\"}', 1, 0);

--
-- Indexes for dumped tables
--

--
-- Indexes for table `auth_token`
--
ALTER TABLE `auth_token`
  ADD PRIMARY KEY (`token_id`);

--
-- Indexes for table `auth_user`
--
ALTER TABLE `auth_user`
  ADD PRIMARY KEY (`user_id`);

--
-- Indexes for table `comment`
--
ALTER TABLE `comment`
  ADD PRIMARY KEY (`comment_id`);

--
-- Indexes for table `lead`
--
ALTER TABLE `lead`
  ADD PRIMARY KEY (`lead_id`);

--
-- Indexes for table `lead_assets`
--
ALTER TABLE `lead_assets`
  ADD PRIMARY KEY (`asset_id`);

--
-- Indexes for table `offer_details`
--
ALTER TABLE `offer_details`
  ADD PRIMARY KEY (`offer_id`);

--
-- Indexes for table `quotation_assets`
--
ALTER TABLE `quotation_assets`
  ADD PRIMARY KEY (`quotation_asset_id`);

--
-- Indexes for table `technial_salesman_relation`
--
ALTER TABLE `technial_salesman_relation`
  ADD PRIMARY KEY (`id`);

--
-- Indexes for table `user_access`
--
ALTER TABLE `user_access`
  ADD PRIMARY KEY (`access_id`);

--
-- AUTO_INCREMENT for dumped tables
--

--
-- AUTO_INCREMENT for table `auth_token`
--
ALTER TABLE `auth_token`
  MODIFY `token_id` int(11) NOT NULL AUTO_INCREMENT, AUTO_INCREMENT=1033;

--
-- AUTO_INCREMENT for table `auth_user`
--
ALTER TABLE `auth_user`
  MODIFY `user_id` int(11) NOT NULL AUTO_INCREMENT, AUTO_INCREMENT=7;

--
-- AUTO_INCREMENT for table `comment`
--
ALTER TABLE `comment`
  MODIFY `comment_id` int(11) NOT NULL AUTO_INCREMENT, AUTO_INCREMENT=12;

--
-- AUTO_INCREMENT for table `lead`
--
ALTER TABLE `lead`
  MODIFY `lead_id` int(11) NOT NULL AUTO_INCREMENT, AUTO_INCREMENT=26;

--
-- AUTO_INCREMENT for table `lead_assets`
--
ALTER TABLE `lead_assets`
  MODIFY `asset_id` int(11) NOT NULL AUTO_INCREMENT, AUTO_INCREMENT=10;

--
-- AUTO_INCREMENT for table `offer_details`
--
ALTER TABLE `offer_details`
  MODIFY `offer_id` int(11) NOT NULL AUTO_INCREMENT, AUTO_INCREMENT=17;

--
-- AUTO_INCREMENT for table `quotation_assets`
--
ALTER TABLE `quotation_assets`
  MODIFY `quotation_asset_id` int(11) NOT NULL AUTO_INCREMENT, AUTO_INCREMENT=11;

--
-- AUTO_INCREMENT for table `technial_salesman_relation`
--
ALTER TABLE `technial_salesman_relation`
  MODIFY `id` int(11) NOT NULL AUTO_INCREMENT, AUTO_INCREMENT=2;

--
-- AUTO_INCREMENT for table `user_access`
--
ALTER TABLE `user_access`
  MODIFY `access_id` int(11) NOT NULL AUTO_INCREMENT, AUTO_INCREMENT=12;
COMMIT;

/*!40101 SET CHARACTER_SET_CLIENT=@OLD_CHARACTER_SET_CLIENT */;
/*!40101 SET CHARACTER_SET_RESULTS=@OLD_CHARACTER_SET_RESULTS */;
/*!40101 SET COLLATION_CONNECTION=@OLD_COLLATION_CONNECTION */;
